id,'mcg','gvh','alm','mit','erl','pox','vac','nuc','class_protein_localization'
1,0.58,0.61,0.47,0.13,0.50,0.00,0.48,0.22,MIT
2,0.43,0.67,0.48,0.27,0.50,0.00,0.53,0.22,MIT
3,0.64,0.62,0.49,0.15,0.50,0.00,0.53,0.22,MIT
4,0.58,0.44,0.57,0.13,0.50,0.00,0.54,0.22,NUC
5,0.42,0.44,0.48,0.54,0.50,0.00,0.48,0.22,MIT
6,0.51,0.40,0.56,0.17,0.50,0.50,0.49,0.22,CYT
7,0.50,0.54,0.48,0.65,0.50,0.00,0.53,0.22,MIT
8,0.48,0.45,0.59,0.20,0.50,0.00,0.58,0.34,NUC
9,0.55,0.50,0.66,0.36,0.50,0.00,0.49,0.22,MIT
10,0.40,0.39,0.60,0.15,0.50,0.00,0.58,0.30,CYT
11,0.43,0.39,0.54,0.21,0.50,0.00,0.53,0.27,NUC
12,0.42,0.37,0.59,0.20,0.50,0.00,0.52,0.29,NUC
13,0.40,0.42,0.57,0.35,0.50,0.00,0.53,0.25,CYT
14,0.60,0.40,0.52,0.46,0.50,0.00,0.53,0.22,MIT
15,0.66,0.55,0.45,0.19,0.50,0.00,0.46,0.22,MIT
16,0.46,0.44,0.52,0.11,0.50,0.00,0.50,0.22,CYT
17,0.47,0.39,0.50,0.11,0.50,0.00,0.49,0.40,CYT
18,0.58,0.47,0.54,0.11,0.50,0.00,0.51,0.26,NUC
19,0.50,0.34,0.55,0.21,0.50,0.00,0.49,0.22,NUC
20,0.61,0.60,0.55,0.21,0.50,0.00,0.50,0.25,NUC
21,0.45,0.40,0.50,0.16,0.50,0.00,0.50,0.22,CYT
22,0.43,0.44,0.48,0.22,0.50,0.00,0.51,0.22,CYT
23,0.73,0.63,0.42,0.30,0.50,0.00,0.49,0.22,CYT
24,0.43,0.53,0.52,0.13,0.50,0.00,0.55,0.22,CYT
25,0.46,0.53,0.52,0.15,0.50,0.00,0.58,0.22,CYT
26,0.51,0.51,0.52,0.51,0.50,0.00,0.54,0.22,MIT
27,0.59,0.45,0.53,0.19,0.50,0.00,0.59,0.27,CYT
28,0.57,0.47,0.60,0.18,0.50,0.00,0.51,0.22,CYT
29,0.63,0.67,0.57,0.24,0.50,0.00,0.49,0.22,MIT
30,0.80,0.88,0.36,0.39,0.50,0.00,0.56,0.33,ME1
31,0.53,0.54,0.43,0.10,0.50,0.00,0.57,0.32,NUC
32,0.51,0.51,0.43,0.87,0.50,0.00,0.52,0.22,MIT
33,0.38,0.61,0.61,0.12,0.50,0.00,0.53,0.47,CYT
34,0.33,0.55,0.51,0.43,0.50,0.00,0.51,0.22,NUC
35,0.78,0.74,0.42,0.26,0.50,0.00,0.43,0.22,ME1
36,0.74,0.67,0.47,0.34,0.50,0.00,0.42,0.22,EXC
37,0.72,0.61,0.45,0.30,0.50,0.00,0.54,0.25,MIT
38,0.40,0.45,0.57,0.18,0.50,0.00,0.56,0.26,CYT
39,0.59,0.53,0.43,0.44,0.50,0.00,0.50,0.22,MIT
40,0.57,0.53,0.53,0.34,0.50,0.00,0.53,0.22,MIT
41,0.86,0.68,0.39,0.24,0.50,0.00,0.54,0.22,ME2
42,0.86,0.74,0.51,0.40,0.50,0.00,0.55,0.22,ME2
43,0.79,0.57,0.41,0.28,0.50,0.00,0.59,0.22,ME2
44,0.41,0.54,0.39,0.20,0.50,0.00,0.51,0.22,ME3
45,0.37,0.36,0.56,0.18,0.50,0.00,0.48,0.26,VAC
46,0.53,0.31,0.58,0.39,0.50,0.00,0.47,0.37,NUC
47,0.74,0.75,0.58,0.47,0.50,0.00,0.40,0.35,ME2
48,0.49,0.39,0.52,0.29,0.50,0.00,0.48,0.22,EXC
49,0.74,0.57,0.51,0.28,0.50,0.00,0.58,0.22,VAC
50,0.42,0.24,0.34,0.16,0.50,0.00,0.50,0.22,ME3
51,0.48,0.39,0.51,0.21,0.50,0.00,0.52,0.28,CYT
52,0.41,0.53,0.45,0.14,0.50,0.00,0.52,0.66,ME3
53,0.45,0.46,0.55,0.43,0.50,0.00,0.55,0.38,NUC
54,0.56,0.48,0.58,0.27,0.50,0.00,0.51,0.22,CYT
55,0.64,0.59,0.56,0.23,0.50,0.00,0.46,0.22,CYT
56,0.64,0.56,0.56,0.22,0.50,0.00,0.45,0.22,CYT
57,0.66,0.62,0.49,0.10,0.50,0.00,0.49,0.22,CYT
58,0.53,0.44,0.51,0.33,0.50,0.00,0.55,0.22,CYT
59,0.38,0.49,0.53,0.19,0.50,0.00,0.50,0.22,CYT
60,0.45,0.58,0.48,0.67,0.50,0.00,0.52,0.22,MIT
61,0.43,0.35,0.52,0.52,0.50,0.00,0.54,0.22,MIT
62,0.37,0.32,0.47,0.18,0.50,0.00,0.45,0.25,NUC
63,0.48,0.43,0.51,0.32,0.50,0.00,0.52,0.43,NUC
64,0.41,0.46,0.59,0.19,0.50,0.00,0.58,0.27,NUC
65,0.54,0.48,0.44,0.08,0.50,0.00,0.52,0.27,CYT
66,0.60,0.47,0.45,0.22,0.50,0.00,0.51,0.29,CYT
67,0.34,0.46,0.57,0.09,0.50,0.00,0.55,0.22,CYT
68,0.48,0.54,0.55,0.12,0.50,0.00,0.51,0.22,CYT
69,0.47,0.39,0.59,0.15,0.50,0.00,0.57,0.22,CYT
70,0.81,0.85,0.47,0.37,0.50,0.00,0.56,0.22,EXC
71,0.48,0.42,0.52,0.24,0.50,0.00,0.56,0.22,CYT
72,0.58,0.51,0.49,0.27,0.50,0.00,0.57,0.29,CYT
73,0.60,0.50,0.44,0.61,0.50,0.00,0.47,0.22,MIT
74,0.45,0.55,0.54,0.66,0.50,0.00,0.47,0.22,MIT
75,0.46,0.49,0.58,0.23,0.50,0.00,0.44,0.22,MIT
76,0.49,0.42,0.56,0.55,0.50,0.00,0.42,0.25,MIT
77,0.63,0.53,0.54,0.40,0.50,0.00,0.50,0.22,MIT
78,0.50,0.54,0.53,0.54,0.50,0.00,0.51,0.27,MIT
79,0.63,0.57,0.59,0.40,0.50,0.00,0.38,0.22,MIT
80,0.43,0.57,0.51,0.49,0.50,0.00,0.48,0.22,MIT
81,0.48,0.45,0.55,0.50,0.50,0.00,0.53,0.22,MIT
82,0.50,0.58,0.46,0.46,0.50,0.00,0.46,0.22,MIT
83,0.51,0.54,0.60,0.57,0.50,0.00,0.58,0.22,MIT
84,0.54,0.52,0.63,0.37,0.50,0.00,0.46,0.22,MIT
85,0.67,0.62,0.40,0.43,0.50,0.83,0.50,0.22,MIT
86,0.28,0.58,0.21,0.13,0.50,0.00,0.51,0.22,ME3
87,0.39,0.44,0.35,0.16,0.50,0.00,0.55,0.22,ME3
88,0.80,0.63,0.45,0.29,0.50,0.00,0.51,0.22,EXC
89,0.50,0.52,0.59,0.30,0.50,0.00,0.51,0.35,NUC
90,0.42,0.47,0.52,0.41,0.50,0.00,0.53,0.32,CYT
91,0.36,0.46,0.62,0.46,0.50,0.00,0.51,0.33,CYT
92,0.46,0.38,0.47,0.22,0.50,0.00,0.52,0.27,MIT
93,0.40,0.45,0.56,0.20,0.50,0.00,0.45,0.22,CYT
94,0.33,0.43,0.64,0.16,0.50,0.00,0.52,0.52,NUC
95,0.49,0.61,0.49,0.25,0.50,0.00,0.50,0.28,CYT
96,0.38,0.50,0.37,0.26,0.50,0.00,0.43,0.22,ME3
97,0.69,0.70,0.52,0.36,0.50,0.00,0.46,0.22,EXC
98,0.61,0.72,0.39,0.33,0.50,0.00,0.58,0.22,MIT
99,0.78,0.75,0.40,0.28,0.50,0.00,0.53,0.22,MIT
100,0.64,0.57,0.57,0.27,0.50,0.00,0.37,0.22,CYT
101,0.36,0.58,0.35,0.24,0.50,0.00,0.44,0.22,ME3
102,0.36,0.43,0.39,0.12,0.50,0.00,0.49,0.22,ME3
103,0.47,0.52,0.50,0.40,0.50,0.00,0.41,0.22,CYT
104,0.48,0.23,0.57,0.27,0.50,0.00,0.48,0.47,NUC
105,0.47,0.39,0.55,0.24,0.50,0.00,0.47,0.22,CYT
106,0.44,0.59,0.36,0.16,0.50,0.00,0.52,0.22,ME3
107,0.42,0.35,0.54,0.18,0.50,0.00,0.56,0.22,CYT
108,0.30,0.56,0.55,0.18,0.50,0.00,0.50,0.22,CYT
109,0.65,0.65,0.52,0.16,0.50,0.00,0.60,0.22,CYT
110,0.27,0.60,0.48,0.23,0.50,0.00,0.55,0.22,CYT
111,0.45,0.41,0.50,0.46,0.50,0.50,0.50,0.27,POX
112,0.44,0.52,0.41,0.23,0.50,0.00,0.51,0.22,NUC
113,0.30,0.32,0.57,0.19,0.50,0.00,0.48,0.55,NUC
114,0.40,0.44,0.49,0.47,0.50,0.00,0.49,0.27,NUC
115,0.45,0.51,0.50,0.16,0.50,0.00,0.52,1.00,NUC
116,0.45,0.45,0.50,0.60,0.50,0.00,0.49,0.22,MIT
117,0.59,0.67,0.56,0.41,0.50,0.00,0.47,0.22,MIT
118,0.47,0.47,0.57,0.48,0.50,0.00,0.48,0.22,MIT
119,0.35,0.52,0.48,0.22,0.50,0.00,0.26,0.22,MIT
120,0.47,0.41,0.66,0.26,0.50,0.00,0.53,0.22,MIT
121,0.64,0.62,0.29,0.28,0.50,0.00,0.51,0.22,MIT
122,0.55,0.53,0.55,0.46,0.50,0.00,0.52,0.22,MIT
123,0.67,0.62,0.54,0.43,0.50,0.00,0.53,0.22,MIT
124,0.59,0.60,0.49,0.43,0.50,0.00,0.53,0.31,MIT
125,0.54,0.55,0.34,0.31,0.50,0.00,0.54,0.22,ME3
126,0.58,0.62,0.54,0.17,0.50,0.00,0.48,0.22,MIT
127,0.40,0.38,0.53,0.16,0.50,0.00,0.52,0.27,NUC
128,0.46,0.71,0.48,0.53,0.50,0.00,0.53,0.22,MIT
129,0.53,0.51,0.55,0.05,0.50,0.00,0.45,0.25,NUC
130,0.41,0.40,0.59,0.47,0.50,0.00,0.48,0.43,CYT
131,0.50,0.64,0.57,0.15,0.50,0.00,0.47,0.22,CYT
132,0.40,0.62,0.52,0.31,0.50,0.00,0.49,0.31,CYT
133,0.60,0.50,0.57,0.25,0.50,0.00,0.41,0.26,CYT
134,0.62,0.51,0.52,0.42,0.50,0.00,0.54,0.27,NUC
135,0.35,0.58,0.54,0.16,0.50,0.00,0.51,0.22,NUC
136,0.34,0.54,0.50,0.21,0.50,0.00,0.54,0.31,CYT
137,0.39,0.58,0.50,0.26,0.50,0.00,0.54,0.59,ME3
138,0.48,0.54,0.50,0.17,0.50,0.00,0.53,0.22,NUC
139,0.29,0.32,0.58,0.15,0.50,0.00,0.50,0.30,CYT
140,0.47,0.32,0.64,0.30,0.50,0.00,0.63,0.22,NUC
141,0.39,0.47,0.56,0.16,0.50,0.00,0.47,0.22,CYT
142,0.58,0.48,0.51,0.47,0.50,0.00,0.55,0.22,NUC
143,0.64,0.60,0.57,0.19,0.50,0.00,0.43,0.22,NUC
144,0.37,0.46,0.40,0.27,0.50,0.00,0.45,0.22,NUC
145,0.43,0.57,0.53,0.16,0.50,0.00,0.54,0.22,CYT
146,0.28,0.37,0.61,0.09,0.50,0.00,0.52,0.55,NUC
147,0.59,0.48,0.50,0.14,0.50,0.00,0.45,0.25,CYT
148,0.39,0.55,0.48,0.31,0.50,0.00,0.54,0.29,CYT
149,0.26,0.36,0.47,0.34,0.50,0.00,0.53,0.72,NUC
150,0.51,0.34,0.50,0.19,0.50,0.00,0.50,0.22,NUC
151,0.58,0.50,0.50,0.12,0.50,0.00,0.48,0.25,NUC
152,0.44,0.39,0.53,0.14,0.50,0.00,0.54,0.44,CYT
153,0.41,0.39,0.44,0.34,0.50,0.00,0.48,0.40,NUC
154,0.45,0.43,0.51,0.24,0.50,0.00,0.54,0.33,CYT
155,0.36,0.68,0.46,0.16,0.50,0.00,0.53,0.28,NUC
156,0.42,0.31,0.50,0.15,0.50,0.00,0.53,0.22,NUC
157,0.42,0.43,0.56,0.10,0.50,0.00,0.49,0.22,CYT
158,0.67,0.71,0.52,0.65,0.50,0.00,0.53,0.36,NUC
159,0.49,0.47,0.53,0.16,0.50,0.00,0.48,0.27,NUC
160,0.71,0.59,0.48,0.43,0.50,0.00,0.59,0.22,MIT
161,0.40,0.42,0.71,0.21,0.50,0.00,0.54,0.32,CYT
162,0.40,0.42,0.71,0.21,0.50,0.00,0.54,0.32,CYT
163,0.54,0.49,0.49,0.20,0.50,0.00,0.52,0.22,CYT
164,0.42,0.51,0.50,0.12,0.50,0.00,0.52,0.46,NUC
165,0.57,0.51,0.53,0.18,0.50,0.00,0.56,0.25,NUC
166,0.35,0.45,0.43,0.11,0.50,0.00,0.56,0.22,ME3
167,0.42,0.42,0.42,0.20,0.50,0.00,0.49,0.22,ME3
168,0.26,0.50,0.33,0.28,0.50,0.00,0.51,0.22,ME3
169,0.39,0.42,0.38,0.40,0.50,0.00,0.49,0.47,ME3
170,0.26,0.44,0.30,0.11,0.50,0.00,0.51,0.47,ME3
171,0.31,0.44,0.53,0.23,0.50,0.00,0.51,0.32,NUC
172,0.48,0.61,0.44,0.20,0.50,0.00,0.47,0.22,CYT
173,0.66,0.45,0.50,0.23,0.50,0.00,0.49,0.22,CYT
174,0.21,0.41,0.55,0.11,0.50,0.00,0.50,0.27,CYT
175,0.38,0.68,0.44,0.45,0.50,0.00,0.53,0.22,MIT
176,0.44,0.38,0.48,0.32,0.50,0.83,0.53,0.22,POX
177,0.31,0.31,0.56,0.33,0.50,0.00,0.52,0.33,NUC
178,0.49,0.31,0.49,0.35,0.50,0.00,0.51,0.29,NUC
179,0.38,0.37,0.56,0.21,0.50,0.00,0.49,0.22,NUC
180,0.39,0.40,0.53,0.67,0.50,0.00,0.47,0.22,CYT
181,0.24,0.34,0.69,0.18,0.50,0.00,0.52,0.22,CYT
182,0.49,0.43,0.51,0.13,0.50,0.00,0.47,0.22,CYT
183,0.54,0.38,0.52,0.18,0.50,0.00,0.48,0.22,CYT
184,0.43,0.57,0.53,0.53,0.50,0.00,0.53,0.25,CYT
185,0.48,0.64,0.61,0.23,0.50,0.00,0.60,0.22,CYT
186,0.31,0.55,0.52,0.17,0.50,0.00,0.52,0.22,CYT
187,0.32,0.57,0.50,0.15,0.50,0.00,0.53,0.22,CYT
188,0.32,0.42,0.52,0.24,0.50,0.00,0.60,0.22,CYT
189,0.59,0.50,0.52,0.28,0.50,0.00,0.55,0.25,CYT
190,0.37,0.42,0.51,0.11,0.50,0.00,0.57,0.22,CYT
191,0.75,0.70,0.38,0.27,0.50,0.00,0.49,0.22,ME1
192,0.61,0.72,0.31,0.33,0.50,0.00,0.56,0.22,MIT
193,0.44,0.42,0.60,0.21,0.50,0.00,0.57,0.22,CYT
194,0.52,0.51,0.51,0.54,0.50,0.00,0.55,0.27,MIT
195,0.63,0.56,0.45,0.58,0.50,0.00,0.51,0.22,MIT
196,0.52,0.56,0.54,0.53,0.50,0.00,0.45,0.22,MIT
197,0.58,0.58,0.58,0.49,0.50,0.00,0.49,0.26,MIT
198,0.72,0.62,0.34,0.29,0.50,0.00,0.56,0.28,MIT
199,0.72,0.61,0.37,0.30,0.50,0.00,0.57,0.22,MIT
200,0.46,0.43,0.38,0.33,0.50,0.00,0.48,0.28,MIT
201,0.57,0.57,0.44,0.37,0.50,0.00,0.52,0.25,MIT
202,0.42,0.31,0.62,0.12,0.50,0.00,0.40,0.22,MIT
203,0.49,0.46,0.45,0.45,0.50,0.00,0.52,0.22,MIT
204,0.42,0.58,0.41,0.65,0.50,0.00,0.46,0.26,MIT
205,0.59,0.61,0.34,0.22,0.50,0.00,0.51,0.22,MIT
206,0.52,0.77,0.38,0.34,0.50,0.00,0.51,0.22,MIT
207,0.50,0.52,0.60,0.51,0.50,0.00,0.48,0.22,MIT
208,0.49,0.60,0.43,0.56,0.50,0.00,0.36,0.22,MIT
209,0.50,0.41,0.44,0.50,0.50,0.00,0.42,0.22,MIT
210,0.50,0.40,0.56,0.70,0.50,0.00,0.50,0.22,MIT
211,0.37,0.58,0.44,0.51,0.50,0.00,0.44,0.22,MIT
212,0.55,0.45,0.45,0.54,0.50,0.00,0.50,0.22,MIT
213,0.67,0.68,0.46,0.29,0.50,0.00,0.46,0.22,MIT
214,0.53,0.51,0.46,0.28,0.50,0.00,0.48,0.22,CYT
215,0.35,0.66,0.49,0.21,0.50,0.00,0.54,0.25,CYT
216,0.52,0.40,0.60,0.12,0.50,0.00,0.55,0.22,CYT
217,0.77,0.79,0.58,0.23,0.50,0.00,0.48,0.22,EXC
218,0.47,0.46,0.59,0.49,0.50,0.00,0.56,0.22,MIT
219,0.73,0.83,0.43,0.30,0.50,0.00,0.55,0.22,ME1
220,0.78,0.74,0.58,0.25,1.00,0.00,0.53,0.22,ERL
221,0.70,0.65,0.54,0.28,0.50,0.00,0.60,0.40,VAC
222,0.47,0.54,0.37,0.14,0.50,0.00,0.50,0.22,ME3
223,0.56,0.52,0.48,0.17,0.50,0.00,0.46,0.22,NUC
224,0.57,0.41,0.59,0.24,0.50,0.00,0.40,0.22,CYT
225,0.56,0.41,0.58,0.21,0.50,0.00,0.42,0.22,CYT
226,0.58,0.56,0.45,0.12,0.50,0.00,0.51,0.22,NUC
227,0.53,0.38,0.66,0.25,0.50,0.00,0.43,0.22,NUC
228,0.34,0.36,0.54,0.11,0.50,0.00,0.36,0.21,NUC
229,0.69,0.61,0.38,0.27,0.50,0.00,0.52,0.22,ME2
230,0.37,0.53,0.60,0.19,0.50,0.50,0.42,0.22,POX
231,0.41,0.45,0.53,0.17,0.50,0.00,0.51,0.25,NUC
232,0.31,0.46,0.54,0.52,0.50,0.00,0.50,0.34,NUC
233,0.36,0.37,0.33,0.14,0.50,0.00,0.57,0.31,ME3
234,0.82,0.78,0.49,0.23,0.50,0.00,0.46,0.22,EXC
235,0.82,0.75,0.54,0.23,0.50,0.00,0.46,0.22,EXC
236,0.41,0.51,0.58,0.15,0.50,0.00,0.45,0.27,CYT
237,0.38,0.51,0.75,0.17,0.50,0.00,0.55,0.22,CYT
238,0.38,0.51,0.75,0.17,0.50,0.00,0.55,0.22,CYT
239,0.53,0.44,0.51,0.33,0.50,0.00,0.52,0.22,MIT
240,0.46,0.54,0.71,0.15,0.50,0.00,0.59,0.22,MIT
241,0.40,0.56,0.48,0.14,0.50,0.00,0.47,0.22,MIT
242,0.53,0.53,0.60,0.13,0.50,0.00,0.49,0.22,MIT
243,0.42,0.57,0.72,0.22,0.50,0.00,0.57,0.22,MIT
244,0.45,0.27,0.57,0.36,0.50,0.00,0.52,0.18,CYT
245,0.20,0.26,0.52,0.14,0.50,0.00,0.53,0.44,CYT
246,0.51,0.53,0.55,0.14,0.50,0.00,0.51,0.22,CYT
247,0.44,0.68,0.45,0.51,0.50,0.00,0.52,0.41,MIT
248,0.27,0.39,0.66,0.11,0.50,0.00,0.44,0.22,MIT
249,0.55,0.42,0.34,0.30,0.50,0.00,0.52,0.22,ME3
250,0.34,0.42,0.30,0.23,0.50,0.00,0.53,0.22,ME3
251,0.44,0.53,0.52,0.23,0.50,0.83,0.51,0.22,POX
252,0.59,0.58,0.56,0.21,0.50,0.00,0.54,0.33,NUC
253,0.39,0.28,0.46,0.12,0.50,0.00,0.41,0.22,NUC
254,0.56,0.43,0.54,0.16,0.50,0.00,0.50,0.22,NUC
255,0.36,0.68,0.38,0.08,0.50,0.00,0.53,0.25,VAC
256,0.27,0.36,0.60,0.33,0.50,0.00,0.37,0.31,NUC
257,0.35,0.40,0.59,0.22,0.50,0.00,0.47,0.37,NUC
258,0.42,0.32,0.50,0.21,0.50,0.00,0.51,0.22,NUC
259,0.23,0.20,0.53,0.20,0.50,0.00,0.44,0.22,NUC
260,0.55,0.54,0.56,0.22,0.50,0.00,0.50,0.37,NUC
261,0.36,0.24,0.49,0.16,0.50,0.00,0.51,0.22,NUC
262,0.38,0.48,0.59,0.22,0.50,0.00,0.46,0.22,CYT
263,0.80,0.46,0.50,0.15,0.50,0.00,0.53,0.22,CYT
264,0.60,0.56,0.47,0.20,0.50,0.00,0.50,0.38,NUC
265,0.41,0.24,0.54,0.26,0.50,0.00,0.41,0.22,NUC
266,0.47,0.65,0.54,0.62,0.50,0.00,0.53,0.36,MIT
267,0.43,0.39,0.54,0.14,0.50,0.00,0.47,0.22,NUC
268,0.50,0.51,0.52,0.09,0.50,0.00,0.48,0.25,NUC
269,0.53,0.61,0.52,0.21,0.50,0.00,0.55,0.30,NUC
270,0.54,0.42,0.41,0.16,0.50,0.00,0.52,0.22,ME2
271,0.46,0.35,0.53,0.16,0.50,0.00,0.51,0.29,CYT
272,0.46,0.43,0.49,0.79,0.50,0.00,0.49,0.63,NUC
273,0.51,0.55,0.35,0.16,0.50,0.00,0.51,0.47,ME3
274,0.56,0.52,0.55,0.19,0.50,0.00,0.54,0.22,CYT
275,0.61,0.30,0.59,0.12,0.50,0.00,0.49,0.27,NUC
276,0.37,0.53,0.46,0.23,0.50,0.00,0.47,0.22,NUC
277,0.83,0.58,0.33,0.04,0.50,0.00,0.53,0.22,ME2
278,0.39,0.45,0.53,0.18,0.50,0.00,0.54,0.22,CYT
279,0.52,0.54,0.50,0.21,0.50,0.00,0.48,0.30,CYT
280,0.35,0.39,0.57,0.11,0.50,0.00,0.48,0.22,NUC
281,0.36,0.49,0.30,0.22,0.50,0.00,0.52,0.31,ME3
282,0.78,0.70,0.32,0.23,0.50,0.00,0.53,0.22,ME1
283,0.55,0.46,0.53,0.11,0.50,0.00,0.52,0.48,CYT
284,0.45,0.56,0.54,0.32,0.50,0.00,0.57,0.22,CYT
285,0.45,0.56,0.53,0.32,0.50,0.00,0.57,0.22,CYT
286,0.29,0.43,0.40,0.15,0.50,0.00,0.53,0.22,ME3
287,0.52,0.75,0.37,0.14,0.50,0.00,0.46,0.22,ME3
288,0.71,0.56,0.39,0.27,0.50,0.00,0.52,0.22,ME2
289,0.58,0.60,0.43,0.12,0.50,0.00,0.55,0.22,ME3
290,0.54,0.65,0.49,0.34,0.50,0.00,0.52,0.22,CYT
291,0.57,0.59,0.44,0.16,0.50,0.00,0.52,0.22,ME2
292,0.59,0.58,0.46,0.19,0.50,0.00,0.56,0.27,CYT
293,0.92,0.61,0.40,0.22,0.50,0.00,0.54,0.22,ME2
294,0.55,0.56,0.45,0.14,0.50,0.00,0.54,0.22,CYT
295,0.63,0.61,0.41,0.22,0.50,0.00,0.51,0.22,ME3
296,0.58,0.53,0.38,0.18,0.50,0.00,0.52,0.22,ME3
297,0.36,0.46,0.43,0.19,0.50,0.00,0.48,0.22,ME3
298,0.32,0.47,0.55,0.12,0.50,0.00,0.52,0.22,CYT
299,0.34,0.38,0.45,0.19,0.50,0.00,0.51,0.22,ME2
300,0.62,0.58,0.46,0.13,0.50,0.00,0.53,0.22,CYT
301,0.53,0.68,0.42,0.19,0.50,0.00,0.53,0.22,ME3
302,0.73,0.55,0.41,0.16,0.50,0.00,0.46,0.22,ME2
303,0.55,0.46,0.46,0.31,0.50,0.00,0.58,0.48,NUC
304,0.35,0.60,0.47,0.13,0.50,0.00,0.52,0.43,NUC
305,0.77,0.80,0.51,0.40,1.00,0.00,0.54,0.22,ERL
306,0.77,0.87,0.47,0.37,0.50,0.00,0.48,0.22,EXC
307,0.35,0.46,0.49,0.15,1.00,0.00,0.55,0.35,CYT
308,0.43,0.51,0.48,0.14,0.50,0.00,0.50,0.22,CYT
309,0.57,0.61,0.45,0.26,0.50,0.00,0.50,0.22,CYT
310,0.63,0.62,0.42,0.12,0.50,0.00,0.52,0.25,CYT
311,0.25,0.40,0.51,0.18,0.50,0.00,0.50,0.27,CYT
312,0.56,0.62,0.53,0.24,0.50,0.00,0.57,0.22,CYT
313,0.58,0.60,0.51,0.24,0.50,0.00,0.53,0.22,CYT
314,0.71,0.59,0.53,0.15,0.50,0.00,0.49,0.33,CYT
315,0.46,0.35,0.33,0.17,0.50,0.00,0.55,0.22,ME3
316,0.54,0.55,0.42,0.22,0.50,0.00,0.48,0.22,ME3
317,0.39,0.44,0.28,0.12,0.50,0.00,0.46,0.27,ME3
318,0.33,0.44,0.49,0.08,0.50,0.00,0.48,0.49,NUC
319,0.81,0.82,0.41,0.36,0.50,0.00,0.39,0.22,EXC
320,0.69,0.60,0.51,0.13,0.50,0.83,0.52,0.22,POX
321,0.46,0.48,0.44,0.21,0.50,0.00,0.55,0.22,POX
322,0.35,0.36,0.57,0.17,0.50,0.00,0.52,0.22,CYT
323,0.74,0.72,0.47,0.25,0.50,0.00,0.57,0.22,ME1
324,0.54,0.57,0.52,0.19,0.50,0.00,0.59,0.67,NUC
325,0.42,0.52,0.40,0.17,0.50,0.00,0.50,0.26,ME3
326,0.91,0.77,0.34,0.47,0.50,0.00,0.52,0.31,ME1
327,0.81,0.90,0.39,0.41,0.50,0.00,0.53,0.22,ME2
328,0.45,0.40,0.56,0.14,0.50,0.00,0.54,0.22,CYT
329,0.47,0.47,0.58,0.16,0.50,0.00,0.49,0.28,CYT
330,0.41,0.39,0.51,0.52,0.50,0.00,0.49,0.22,CYT
331,0.37,0.34,0.32,0.22,0.50,0.00,0.56,0.22,ME3
332,0.69,0.60,0.50,0.31,0.50,0.00,0.55,0.22,CYT
333,0.35,0.56,0.36,0.30,0.50,0.00,0.53,0.25,ME3
334,0.84,0.66,0.36,0.78,0.50,0.00,0.49,0.50,ME1
335,0.51,0.58,0.54,0.29,0.50,0.00,0.53,0.22,CYT
336,0.37,0.43,0.62,0.27,0.50,0.00,0.48,0.22,NUC
337,0.55,0.66,0.57,0.32,0.50,0.00,0.57,0.34,CYT
338,0.48,0.35,0.42,0.21,0.50,0.00,0.57,0.22,CYT
339,0.62,0.58,0.52,0.15,0.50,0.00,0.52,0.29,CYT
340,0.56,0.59,0.53,0.16,0.50,0.00,0.24,0.42,NUC
341,0.44,0.51,0.37,0.15,0.50,0.00,0.51,0.22,ME3
342,0.44,0.44,0.49,0.15,0.50,0.00,0.46,0.27,NUC
343,0.50,0.50,0.48,0.17,0.50,0.00,0.47,0.26,CYT
344,0.60,0.60,0.49,0.30,0.50,0.00,0.53,0.22,NUC
345,0.49,0.46,0.34,0.21,0.50,0.00,0.55,0.22,ME3
346,0.35,0.68,0.57,0.40,0.50,0.00,0.53,0.36,NUC
347,0.70,0.69,0.43,0.33,0.50,0.00,0.58,0.22,ME1
348,0.23,0.30,0.58,0.22,0.50,0.00,0.48,0.27,NUC
349,0.45,0.42,0.52,0.20,0.50,0.00,0.50,0.25,CYT
350,0.51,0.35,0.46,0.15,0.50,0.00,0.51,0.42,CYT
351,0.42,0.39,0.47,0.13,0.50,0.00,0.50,0.27,CYT
352,0.32,0.38,0.52,0.20,0.50,0.00,0.52,0.28,CYT
353,0.59,0.65,0.52,0.30,0.50,0.00,0.46,0.31,CYT
354,0.41,0.52,0.41,0.11,0.50,0.00,0.54,0.35,CYT
355,0.37,0.33,0.50,0.12,0.50,0.00,0.51,0.54,CYT
356,0.45,0.56,0.49,0.17,0.50,0.00,0.52,0.22,CYT
357,0.56,0.54,0.59,0.14,0.50,0.00,0.52,0.27,NUC
358,0.31,0.31,0.54,0.18,0.50,0.00,0.52,0.29,NUC
359,0.27,0.51,0.47,0.35,0.50,0.00,0.49,0.28,NUC
360,0.54,0.56,0.57,0.18,0.50,0.00,0.45,0.25,NUC
361,0.17,0.38,0.45,0.09,0.50,0.00,0.54,0.27,NUC
362,0.43,0.51,0.54,0.15,0.50,0.00,0.45,0.26,NUC
363,0.60,0.40,0.59,0.18,0.50,0.00,0.48,0.22,CYT
364,0.91,0.69,0.57,0.45,0.50,0.00,0.56,0.22,ME2
365,0.38,0.47,0.53,0.12,0.50,0.00,0.48,0.22,CYT
366,0.59,0.43,0.52,0.19,0.50,0.00,0.55,0.27,CYT
367,0.64,0.53,0.45,0.13,0.50,0.00,0.53,0.22,CYT
368,0.49,0.31,0.34,0.13,0.50,0.00,0.52,0.22,ME3
369,0.52,0.51,0.51,0.12,0.50,0.00,0.51,0.40,CYT
370,0.49,0.43,0.48,0.15,0.50,0.00,0.55,0.25,CYT
371,0.49,0.47,0.52,0.16,0.50,0.00,0.53,0.28,CYT
372,0.48,0.39,0.49,0.18,0.50,0.00,0.51,0.22,CYT
373,0.44,0.34,0.55,0.18,0.50,0.00,0.52,0.22,CYT
374,0.43,0.54,0.58,0.16,0.50,0.00,0.50,0.36,NUC
375,0.49,0.42,0.54,0.17,0.50,0.00,0.50,0.36,CYT
376,0.34,0.66,0.51,0.16,0.50,0.00,0.47,0.33,NUC
377,0.20,0.34,0.33,0.10,0.50,0.00,0.48,0.31,ME3
378,0.74,0.53,0.50,0.08,0.50,0.00,0.55,0.31,CYT
379,0.69,0.48,0.38,0.15,0.50,0.00,0.55,0.22,ME2
380,0.30,0.50,0.47,0.11,0.50,0.00,0.46,0.22,CYT
381,0.44,0.51,0.48,0.38,0.50,0.00,0.52,0.22,CYT
382,0.31,0.45,0.50,0.17,0.50,0.00,0.49,0.22,CYT
383,0.55,0.41,0.56,0.21,0.50,0.00,0.52,0.22,CYT
384,0.40,0.34,0.52,0.17,0.50,0.00,0.47,0.51,NUC
385,0.40,0.48,0.50,0.17,0.50,0.00,0.54,0.50,CYT
386,0.58,0.48,0.56,0.10,0.50,0.00,0.46,0.25,NUC
387,0.58,0.48,0.56,0.12,0.50,0.00,0.46,0.25,NUC
388,0.58,0.45,0.48,0.24,0.50,0.00,0.52,0.37,CYT
389,0.58,0.41,0.51,0.26,0.50,0.00,0.51,0.37,CYT
390,0.41,0.60,0.53,0.29,0.50,0.00,0.47,0.43,NUC
391,0.69,0.50,0.49,0.42,0.50,0.00,0.49,0.22,MIT
392,0.38,0.49,0.61,0.13,0.50,0.00,0.54,0.22,CYT
393,0.60,0.48,0.44,0.52,0.50,0.00,0.54,0.63,NUC
394,0.47,0.49,0.63,0.17,0.50,0.00,0.31,0.26,NUC
395,0.28,0.51,0.55,0.11,0.50,0.00,0.46,0.22,NUC
396,0.56,0.57,0.63,0.39,1.00,0.00,0.59,0.40,NUC
397,0.21,0.38,0.49,0.16,0.50,0.00,0.51,0.45,CYT
398,0.46,0.57,0.57,0.15,0.50,0.00,0.52,0.26,NUC
399,0.43,0.42,0.54,0.22,0.50,0.00,0.57,0.33,NUC
400,0.57,0.59,0.50,0.58,0.50,0.00,0.53,0.22,MIT
401,0.48,0.34,0.47,0.14,0.50,0.00,0.47,0.26,CYT
402,0.35,0.40,0.53,0.18,0.50,0.00,0.42,0.38,CYT
403,0.47,0.45,0.53,0.62,0.50,0.00,0.46,0.22,MIT
404,0.53,0.43,0.47,0.15,0.50,0.00,0.58,0.22,CYT
405,0.46,0.45,0.56,0.16,0.50,0.00,0.56,0.22,CYT
406,0.44,0.42,0.62,0.14,0.50,0.00,0.55,0.37,NUC
407,0.37,0.34,0.58,0.24,0.50,0.00,0.44,0.18,NUC
408,0.37,0.34,0.58,0.24,0.50,0.00,0.44,0.18,NUC
409,0.39,0.39,0.55,0.52,0.50,0.00,0.37,0.16,NUC
410,0.39,0.39,0.55,0.52,0.50,0.00,0.37,0.16,NUC
411,0.48,0.46,0.38,0.29,0.50,0.00,0.53,0.22,ME3
412,0.48,0.57,0.50,0.09,0.50,0.00,0.52,0.42,NUC
413,0.61,0.57,0.45,0.21,0.50,0.00,0.50,0.42,NUC
414,0.56,0.44,0.56,0.19,0.50,0.00,0.54,0.22,CYT
415,0.51,0.63,0.30,0.35,0.50,0.00,0.53,0.27,ME3
416,0.53,0.68,0.34,0.42,0.50,0.00,0.54,0.27,ME3
417,0.37,0.22,0.64,0.35,0.50,0.00,0.47,0.22,NUC
418,0.51,0.48,0.58,0.22,0.50,0.00,0.50,0.28,NUC
419,0.49,0.37,0.59,0.17,0.50,0.00,0.51,0.22,NUC
420,0.51,0.48,0.58,0.22,0.50,0.00,0.50,0.28,NUC
421,0.53,0.53,0.53,0.17,0.50,0.00,0.49,0.37,NUC
422,0.29,0.68,0.47,0.26,0.50,0.00,0.47,0.37,NUC
423,0.50,0.45,0.49,0.15,0.50,0.00,0.55,0.43,NUC
424,0.33,0.28,0.31,0.24,0.50,0.00,0.53,0.22,ME3
425,0.85,0.85,0.30,0.31,0.50,0.00,0.55,0.42,ME1
426,0.43,0.39,0.51,0.28,0.50,0.00,0.40,0.22,NUC
427,0.61,0.54,0.49,0.16,0.50,0.00,0.54,0.42,CYT
428,0.34,0.35,0.61,0.19,0.50,0.00,0.52,0.25,NUC
429,0.55,0.53,0.56,0.29,0.50,0.00,0.48,0.22,MIT
430,0.66,0.62,0.52,0.17,0.50,0.00,0.49,0.22,CYT
431,0.44,0.41,0.58,0.20,0.50,0.00,0.57,0.25,CYT
432,0.37,0.62,0.34,0.25,0.50,0.00,0.51,0.22,ME3
433,0.45,0.56,0.51,0.64,0.50,0.00,0.54,0.22,MIT
434,0.38,0.46,0.52,0.75,0.50,0.00,0.50,0.26,MIT
435,0.61,0.54,0.49,0.19,0.50,0.00,0.54,0.47,CYT
436,0.44,0.53,0.52,0.37,0.50,0.00,0.50,0.22,NUC
437,0.44,0.53,0.52,0.37,0.50,0.00,0.50,0.22,NUC
438,0.32,0.34,0.61,0.17,0.50,0.00,0.52,0.32,NUC
439,0.34,0.34,0.61,0.18,0.50,0.00,0.52,0.32,NUC
440,0.51,0.68,0.49,0.59,0.50,0.00,0.54,0.27,MIT
441,0.41,0.30,0.49,0.28,0.50,0.00,0.54,0.22,CYT
442,0.41,0.43,0.50,0.28,0.50,0.00,0.50,0.22,CYT
443,0.30,0.50,0.34,0.26,0.50,0.00,0.51,0.22,ME3
444,0.49,0.40,0.34,0.26,0.50,0.00,0.50,0.22,ME3
445,0.34,0.40,0.30,0.23,0.50,0.00,0.51,0.22,ME3
446,0.43,0.44,0.30,0.18,0.50,0.00,0.51,0.22,ME3
447,0.43,0.45,0.37,0.12,0.50,0.00,0.48,0.22,ME3
448,0.45,0.57,0.30,0.17,0.50,0.00,0.51,0.22,ME3
449,0.45,0.57,0.30,0.17,0.50,0.00,0.51,0.22,ME3
450,0.42,0.44,0.33,0.17,0.50,0.00,0.54,0.27,ME3
451,0.52,0.50,0.53,0.10,0.50,0.00,0.48,0.22,POX
452,0.53,0.56,0.49,0.46,0.50,0.00,0.52,0.22,MIT
453,0.45,0.54,0.54,0.62,0.50,0.00,0.53,0.22,MIT
454,0.51,0.43,0.63,0.18,0.50,0.00,0.52,0.22,CYT
455,0.51,0.52,0.48,0.50,0.50,0.00,0.51,0.22,MIT
456,0.55,0.49,0.50,0.46,0.50,0.00,0.52,0.25,MIT
457,0.50,0.46,0.52,0.16,0.50,0.00,0.52,0.26,CYT
458,0.50,0.53,0.45,0.44,0.50,0.00,0.49,0.22,MIT
459,0.45,0.59,0.53,0.74,0.50,0.00,0.47,0.25,MIT
460,0.57,0.61,0.55,0.67,0.50,0.00,0.48,0.22,MIT
461,0.54,0.45,0.62,0.13,0.50,0.00,0.52,0.26,NUC
462,0.67,0.51,0.53,0.28,0.50,0.00,0.51,0.22,MIT
463,0.35,0.49,0.47,0.22,0.50,0.00,0.50,0.28,MIT
464,0.47,0.63,0.66,0.45,0.50,0.00,0.37,0.11,MIT
465,0.51,0.34,0.43,0.18,0.50,0.00,0.48,0.25,CYT
466,0.56,0.45,0.59,0.14,0.50,0.00,0.51,0.26,NUC
467,0.45,0.38,0.59,0.18,0.50,0.00,0.44,0.45,NUC
468,0.43,0.51,0.60,0.25,0.50,0.00,0.55,0.22,CYT
469,0.47,0.59,0.43,0.13,0.50,0.00,0.56,0.30,ME3
470,0.40,0.45,0.42,0.17,0.50,0.00,0.54,0.26,ME3
471,0.89,0.81,0.36,0.71,0.50,0.00,0.55,0.63,ME1
472,0.58,0.55,0.52,0.22,0.50,0.00,0.44,0.22,MIT
473,0.59,0.57,0.46,0.14,0.50,0.00,0.52,0.22,MIT
474,0.49,0.41,0.32,0.21,0.50,0.00,0.50,0.32,ME3
475,0.35,0.53,0.35,0.33,0.50,0.00,0.50,0.32,ME3
476,0.42,0.32,0.61,0.13,0.50,0.00,0.14,0.27,NUC
477,0.50,0.46,0.42,0.32,0.50,0.00,0.56,0.55,ME3
478,0.68,0.50,0.43,0.27,0.50,0.00,0.61,0.22,ME2
479,0.50,0.45,0.49,0.30,0.50,0.00,0.47,0.40,NUC
480,0.46,0.41,0.50,0.44,0.50,0.00,0.53,0.22,MIT
481,0.32,0.36,0.34,0.19,0.50,0.00,0.55,0.26,ME3
482,0.40,0.51,0.42,0.13,0.50,0.00,0.45,0.25,ME3
483,0.70,0.73,0.37,0.37,0.50,0.00,0.48,0.31,ME1
484,0.81,0.76,0.32,0.37,0.50,0.00,0.51,0.22,ME2
485,0.65,0.61,0.39,0.30,0.50,0.00,0.57,0.28,ME3
486,0.47,0.43,0.35,0.32,0.50,0.00,0.54,0.22,ME3
487,0.42,0.25,0.60,0.14,0.50,0.00,0.45,0.22,CYT
488,0.23,0.34,0.41,0.28,0.50,0.00,0.50,0.27,NUC
489,0.85,0.56,0.33,0.38,1.00,0.00,0.55,0.25,ERL
490,0.34,0.31,0.60,0.37,0.50,0.00,0.50,0.30,NUC
491,0.59,0.53,0.47,0.26,0.50,0.00,0.53,0.31,NUC
492,0.67,0.63,0.34,0.41,0.50,0.00,0.60,0.33,ME1
493,0.70,0.73,0.38,0.36,0.50,0.00,0.54,0.22,ME1
494,0.54,0.51,0.54,0.52,0.50,0.00,0.47,0.25,MIT
495,0.53,0.50,0.54,0.56,0.50,0.00,0.49,0.41,MIT
496,0.84,0.63,0.38,0.23,0.50,0.00,0.53,0.22,EXC
497,0.89,0.77,0.36,0.34,0.50,0.00,0.44,0.22,EXC
498,0.48,0.43,0.45,0.17,0.50,0.00,0.48,0.37,ME3
499,0.36,0.35,0.47,0.22,0.50,0.00,0.44,0.31,ME3
500,0.57,0.49,0.48,0.16,0.50,0.00,0.51,0.22,NUC
501,0.43,0.52,0.53,0.52,1.00,0.00,0.49,0.22,CYT
502,0.38,0.49,0.54,1.00,0.50,0.00,0.50,0.27,CYT
503,0.43,0.32,0.56,0.27,0.50,0.00,0.47,0.27,NUC
504,0.84,0.87,0.45,0.54,0.50,0.00,0.28,0.22,ME1
505,0.27,0.56,0.56,0.18,0.50,0.00,0.52,0.22,CYT
506,0.89,0.82,0.60,0.49,0.50,0.00,0.55,0.22,ME2
507,0.86,0.92,0.50,0.37,1.00,0.00,0.53,0.32,ERL
508,0.37,0.55,0.29,0.32,0.50,0.00,0.51,0.22,ME3
509,0.87,0.83,0.57,0.36,0.50,0.00,0.36,0.22,EXC
510,0.43,0.45,0.54,0.14,0.50,0.00,0.50,0.31,CYT
511,0.52,0.48,0.54,0.28,0.50,0.00,0.54,0.22,NUC
512,0.77,0.60,0.42,0.33,0.50,0.00,0.57,0.22,ME2
513,0.76,0.74,0.56,0.34,0.50,0.00,0.51,0.30,ME2
514,0.58,0.76,0.40,0.37,0.50,0.00,0.54,0.30,ME2
515,0.94,0.60,0.33,0.49,0.50,0.00,0.54,0.22,ME2
516,0.36,0.44,0.57,0.18,0.50,0.00,0.42,0.22,MIT
517,0.42,0.51,0.39,0.22,0.50,0.00,0.49,0.26,ME3
518,0.52,0.48,0.58,0.55,0.50,0.00,0.48,0.22,CYT
519,0.42,0.32,0.48,0.16,0.50,0.00,0.55,0.22,VAC
520,0.43,0.38,0.51,0.24,0.50,0.00,0.46,0.33,NUC
521,0.48,0.57,0.52,0.61,0.50,0.00,0.51,0.22,MIT
522,0.83,0.53,0.52,0.20,0.50,0.00,0.48,0.25,ME2
523,0.36,0.34,0.46,0.19,0.50,0.00,0.52,0.22,ME2
524,0.51,0.43,0.47,0.19,0.50,0.00,0.52,0.37,CYT
525,0.54,0.54,0.49,0.14,0.50,0.00,0.56,0.22,CYT
526,0.44,0.41,0.44,0.13,0.50,0.00,0.49,0.42,NUC
527,0.52,0.62,0.54,0.19,0.50,0.00,0.50,0.22,MIT
528,0.46,0.40,0.38,0.18,0.50,0.00,0.49,0.22,ME3
529,0.68,0.50,0.55,0.65,0.50,0.00,0.46,0.31,MIT
530,0.53,0.44,0.47,0.22,0.50,0.00,0.53,0.22,NUC
531,0.48,0.48,0.50,0.47,0.50,0.00,0.55,0.22,MIT
532,0.46,0.14,0.36,0.21,0.50,0.00,0.50,0.25,ME3
533,0.50,0.45,0.48,0.17,0.50,0.00,0.50,0.26,CYT
534,0.44,0.53,0.43,0.17,0.50,0.00,0.54,0.75,NUC
535,0.46,0.47,0.46,0.16,0.50,0.00,0.51,0.22,CYT
536,0.52,0.49,0.57,0.57,0.50,0.00,0.51,0.22,NUC
537,0.62,0.64,0.56,0.20,0.50,0.00,0.48,0.33,NUC
538,0.46,0.32,0.58,0.17,0.50,0.00,0.61,0.25,NUC
539,0.78,0.48,0.47,0.30,0.50,0.00,0.53,0.47,ME2
540,0.49,0.62,0.65,0.18,0.50,0.00,0.46,0.43,NUC
541,0.50,0.34,0.62,0.19,0.50,0.00,0.57,0.22,CYT
542,0.39,0.37,0.33,0.23,0.50,0.00,0.53,0.26,ME3
543,0.39,0.37,0.56,0.15,0.50,0.00,0.50,0.27,CYT
544,0.33,0.37,0.54,0.28,0.50,0.00,0.53,0.27,NUC
545,0.39,0.37,0.33,0.23,0.50,0.00,0.52,0.26,ME3
546,0.33,0.38,0.53,0.26,0.50,0.00,0.52,0.27,NUC
547,0.48,0.51,0.57,0.24,0.50,0.00,0.50,0.22,CYT
548,0.50,0.62,0.54,0.66,0.50,0.00,0.49,0.22,MIT
549,0.47,0.54,0.54,0.48,0.50,0.00,0.53,0.26,MIT
550,0.72,0.58,0.42,0.28,0.50,0.00,0.48,0.22,MIT
551,0.41,0.41,0.51,0.19,0.50,0.00,0.57,0.22,MIT
552,0.81,0.65,0.52,0.41,0.50,0.00,0.57,0.26,MIT
553,0.50,0.49,0.52,0.20,0.50,0.00,0.43,0.52,NUC
554,0.18,0.48,0.46,0.12,0.50,0.00,0.00,0.25,NUC
555,0.26,0.38,0.52,0.36,0.50,0.00,0.48,0.56,NUC
556,0.53,0.51,0.51,0.11,0.50,0.00,0.49,0.41,NUC
557,0.58,0.49,0.50,0.41,0.50,0.00,0.57,0.22,MIT
558,0.62,0.60,0.47,0.16,0.50,0.00,0.53,0.22,CYT
559,0.68,0.58,0.51,0.19,0.50,0.83,0.54,0.22,POX
560,0.40,0.52,0.53,0.52,0.50,0.00,0.51,0.22,MIT
561,0.51,0.47,0.41,0.44,0.50,0.00,0.50,0.22,ME3
562,0.72,0.56,0.40,0.26,0.50,0.00,0.51,0.26,ME2
563,0.49,0.44,0.45,0.22,0.50,0.00,0.51,0.22,CYT
564,0.32,0.47,0.55,0.25,0.50,0.00,0.49,0.22,MIT
565,0.46,0.57,0.52,0.28,0.50,0.00,0.52,0.22,NUC
566,0.53,0.48,0.45,0.44,0.50,0.00,0.49,0.27,MIT
567,0.49,0.48,0.46,0.63,0.50,0.00,0.52,0.22,MIT
568,0.70,0.53,0.42,0.22,0.50,0.00,0.51,0.28,NUC
569,0.68,0.68,0.49,0.15,0.50,0.00,0.53,0.22,EXC
570,0.47,0.60,0.35,0.21,0.50,0.00,0.52,0.22,ME3
571,0.55,0.49,0.45,0.18,0.50,0.00,0.49,0.22,NUC
572,0.40,0.53,0.61,0.21,0.50,0.00,0.48,0.33,NUC
573,0.57,0.44,0.42,0.20,0.50,0.00,0.54,0.22,CYT
574,0.40,0.47,0.48,0.18,0.50,0.00,0.46,0.22,CYT
575,0.34,0.54,0.54,0.13,0.50,0.00,0.52,0.22,CYT
576,0.43,0.83,0.55,0.20,0.50,0.00,0.47,0.40,NUC
577,0.55,0.65,0.50,0.28,0.50,0.00,0.55,0.22,NUC
578,0.29,0.46,0.54,0.27,0.50,0.00,0.49,0.22,CYT
579,0.46,0.42,0.60,0.21,0.50,0.00,0.40,0.22,EXC
580,0.80,0.81,0.55,0.35,0.50,0.00,0.42,0.22,EXC
581,0.79,0.74,0.49,0.33,0.50,0.00,0.48,0.22,EXC
582,0.45,0.48,0.63,0.67,0.50,0.00,0.48,0.22,MIT
583,0.66,0.52,0.52,0.44,0.50,0.00,0.56,0.27,MIT
584,0.50,0.49,0.59,0.47,0.50,0.00,0.49,0.36,MIT
585,0.54,0.52,0.54,0.20,0.50,0.00,0.55,0.25,NUC
586,0.37,0.31,0.53,0.16,0.50,0.00,0.53,0.44,NUC
587,0.43,0.39,0.59,0.13,0.50,0.00,0.41,0.43,NUC
588,0.48,0.47,0.54,0.55,0.50,0.00,0.51,0.65,MIT
589,0.60,0.59,0.45,0.23,0.50,0.00,0.55,0.22,MIT
590,0.45,0.73,0.47,0.65,0.50,0.00,0.54,0.43,MIT
591,0.66,0.54,0.49,0.16,0.50,0.00,0.54,0.36,NUC
592,0.46,0.55,0.61,0.13,0.50,0.00,0.47,0.22,CYT
593,0.42,0.50,0.53,0.22,0.50,0.83,0.50,0.22,POX
594,0.66,0.66,0.32,0.54,0.50,0.00,0.51,0.22,ME2
595,0.74,0.56,0.35,0.36,0.50,0.00,0.51,0.25,ME2
596,0.89,0.52,0.41,0.26,0.50,0.00,0.52,0.31,ME2
597,0.67,0.51,0.54,0.21,0.50,0.00,0.43,0.30,MIT
598,0.58,0.46,0.46,0.34,0.50,0.00,0.50,0.43,NUC
599,0.40,0.68,0.50,0.82,0.50,0.00,0.44,0.36,MIT
600,0.59,0.57,0.43,0.26,0.50,0.00,0.51,0.22,MIT
601,0.39,0.30,0.56,0.12,0.50,0.00,0.53,0.38,NUC
602,0.60,0.62,0.54,0.40,0.50,0.00,0.50,0.22,MIT
603,0.36,0.40,0.53,0.48,0.50,0.00,0.48,0.22,MIT
604,0.51,0.42,0.56,0.38,0.50,0.00,0.46,0.22,MIT
605,0.41,0.54,0.58,0.20,0.50,0.00,0.52,0.22,MIT
606,0.57,0.40,0.62,0.30,0.50,0.00,0.48,0.11,MIT
607,0.52,0.50,0.59,0.31,0.50,0.00,0.50,0.22,MIT
608,0.42,0.53,0.53,0.64,0.50,0.00,0.47,0.22,MIT
609,0.50,0.46,0.64,0.36,0.50,0.00,0.49,0.22,MIT
610,0.60,0.51,0.60,0.38,0.50,0.83,0.52,0.24,MIT
611,0.45,0.38,0.64,0.14,0.50,0.00,0.54,0.22,MIT
612,0.60,0.57,0.64,0.52,0.50,0.00,0.47,0.28,MIT
613,0.53,0.42,0.58,0.29,0.50,0.00,0.50,0.22,MIT
614,0.41,0.52,0.53,0.41,0.50,0.00,0.39,0.33,MIT
615,0.45,0.43,0.63,0.40,0.50,0.00,0.59,0.11,MIT
616,0.44,0.44,0.67,0.35,0.50,0.00,0.48,0.26,MIT
617,0.58,0.52,0.61,0.33,0.50,0.00,0.38,0.11,MIT
618,0.57,0.61,0.55,0.27,0.50,0.00,0.44,0.21,MIT
619,0.57,0.58,0.58,0.35,0.50,0.00,0.49,0.22,MIT
620,0.64,0.64,0.56,0.21,0.50,0.00,0.50,0.22,MIT
621,0.56,0.50,0.61,0.49,0.50,0.00,0.46,0.28,MIT
622,0.60,0.46,0.59,0.16,0.50,0.00,0.49,0.22,MIT
623,0.36,0.38,0.56,0.44,0.50,0.00,0.48,0.22,MIT
624,0.53,0.52,0.61,0.35,0.50,0.00,0.50,0.22,MIT
625,0.62,0.59,0.54,0.47,0.50,0.00,0.46,0.22,MIT
626,0.55,0.50,0.60,0.31,0.50,0.00,0.46,0.27,MIT
627,0.58,0.53,0.57,0.46,0.50,0.00,0.51,0.27,MIT
628,0.65,0.53,0.55,0.52,0.50,0.00,0.47,0.27,MIT
629,0.38,0.54,0.54,0.41,0.50,0.00,0.51,0.22,MIT
630,0.58,0.53,0.50,0.53,0.50,0.00,0.47,0.31,MIT
631,0.61,0.46,0.51,0.37,0.50,0.00,0.51,0.22,MIT
632,0.55,0.59,0.47,0.64,0.50,0.00,0.54,0.33,MIT
633,0.54,0.64,0.50,0.13,0.50,0.00,0.49,0.22,MIT
634,0.40,0.74,0.49,0.16,0.50,0.00,0.51,0.22,MIT
635,0.76,0.76,0.35,0.27,0.50,0.00,0.44,0.22,ME1
636,0.51,0.56,0.51,0.42,0.50,0.00,0.53,0.36,MIT
637,0.43,0.32,0.50,0.29,0.50,0.00,0.50,0.22,MIT
638,0.49,0.44,0.45,0.55,0.50,0.00,0.48,0.22,MIT
639,0.32,0.45,0.44,0.20,0.50,0.00,0.55,0.33,NUC
640,0.51,0.60,0.51,0.26,0.50,0.00,0.54,0.22,NUC
641,0.49,0.46,0.42,0.46,0.50,0.00,0.55,0.22,NUC
642,0.50,0.56,0.49,0.61,0.50,0.00,0.50,0.22,MIT
643,0.51,0.48,0.51,0.43,0.50,0.00,0.49,0.22,MIT
644,0.52,0.38,0.62,0.12,0.50,0.00,0.41,0.28,NUC
645,0.53,0.40,0.57,0.12,0.50,0.00,0.53,0.32,NUC
646,0.51,0.56,0.62,0.24,0.50,0.00,0.52,0.51,NUC
647,0.63,0.60,0.50,0.27,0.50,0.00,0.55,0.22,MIT
648,0.46,0.44,0.53,0.31,0.50,0.00,0.48,0.22,MIT
649,0.58,0.57,0.54,0.69,0.50,0.00,0.54,0.22,MIT
650,0.61,0.59,0.47,0.49,0.50,0.00,0.54,0.22,MIT
651,0.63,0.47,0.56,0.12,0.50,0.00,0.50,0.22,MIT
652,0.55,0.53,0.54,0.40,0.50,0.00,0.48,0.22,MIT
653,0.41,0.47,0.58,0.62,0.50,0.00,0.50,0.22,MIT
654,0.44,0.53,0.53,0.37,0.50,0.00,0.51,0.22,MIT
655,0.57,0.40,0.48,0.24,0.50,0.00,0.55,0.22,CYT
656,0.46,0.46,0.56,0.12,0.50,0.00,0.55,0.22,MIT
657,0.47,0.46,0.55,0.28,0.50,0.00,0.44,0.46,NUC
658,0.39,0.35,0.49,0.17,0.50,0.00,0.49,0.22,NUC
659,0.58,0.38,0.40,0.21,0.50,0.00,0.50,0.22,CYT
660,0.53,0.41,0.50,0.24,1.00,0.00,0.47,0.22,CYT
661,0.43,0.40,0.50,0.18,0.50,0.00,0.50,0.28,CYT
662,0.41,0.59,0.46,0.19,0.50,0.00,0.36,0.22,EXC
663,0.58,0.56,0.52,0.25,0.50,0.00,0.57,0.35,NUC
664,0.51,0.65,0.53,0.19,0.50,0.00,0.49,0.22,EXC
665,0.81,0.79,0.32,0.37,0.50,0.00,0.41,0.22,ME1
666,0.44,0.41,0.29,0.21,0.50,0.00,0.49,0.22,ME3
667,0.49,0.60,0.55,0.17,0.50,0.00,0.44,0.22,CYT
668,0.56,0.63,0.52,0.20,0.50,0.00,0.34,0.26,NUC
669,0.42,0.28,0.57,0.18,0.50,0.00,0.42,0.22,NUC
670,0.51,0.46,0.54,0.41,0.50,0.00,0.53,0.22,MIT
671,0.60,0.51,0.52,0.45,0.50,0.00,0.50,0.27,MIT
672,0.37,0.41,0.45,0.14,0.50,0.00,0.47,0.22,CYT
673,0.37,0.51,0.57,0.40,0.50,0.00,0.48,0.27,MIT
674,0.36,0.39,0.55,0.26,0.50,0.00,0.49,0.22,NUC
675,0.50,0.36,0.53,0.41,0.50,0.00,0.55,0.36,CYT
676,0.59,0.58,0.39,0.52,0.50,0.00,0.50,0.31,CYT
677,0.78,0.63,0.53,0.13,0.50,0.00,0.54,0.22,ME2
678,0.47,0.59,0.37,0.31,0.50,0.00,0.51,0.36,NUC
679,0.48,0.62,0.52,0.30,0.50,0.00,0.51,0.37,NUC
680,0.53,0.61,0.51,0.49,0.50,0.00,0.54,0.27,MIT
681,0.48,0.54,0.53,0.60,0.50,0.00,0.53,0.31,NUC
682,0.33,0.46,0.53,0.29,0.50,0.00,0.50,0.55,NUC
683,0.36,0.44,0.51,0.17,0.50,0.00,0.60,0.19,NUC
684,0.39,0.34,0.68,0.30,0.50,0.00,0.50,0.29,NUC
685,0.11,0.41,0.67,0.13,0.50,0.00,0.45,0.29,NUC
686,0.40,0.53,0.44,0.18,0.50,0.00,0.54,0.31,NUC
687,0.47,0.50,0.55,0.19,0.50,0.00,0.62,0.22,CYT
688,0.35,0.50,0.44,0.27,0.50,0.00,0.51,0.22,CYT
689,0.36,0.30,0.50,0.19,0.50,0.00,0.55,0.30,NUC
690,0.49,0.44,0.51,0.18,0.50,0.00,0.52,0.27,CYT
691,0.35,0.44,0.54,0.26,0.50,0.00,0.52,0.26,NUC
692,0.43,0.28,0.53,0.34,0.50,0.00,0.55,0.57,NUC
693,0.33,0.48,0.55,0.16,0.50,0.00,0.53,0.75,NUC
694,0.45,0.21,0.49,0.24,0.50,0.00,0.46,0.31,NUC
695,0.44,0.34,0.61,0.13,0.50,0.00,0.49,0.26,NUC
696,0.87,0.47,0.60,0.47,0.50,0.00,0.59,0.22,NUC
697,0.30,0.55,0.58,0.16,0.50,0.00,0.61,0.28,NUC
698,0.29,0.34,0.55,0.24,0.50,0.00,0.51,0.22,CYT
699,0.75,0.67,0.51,0.29,0.50,0.00,0.52,0.36,MIT
700,0.47,0.47,0.50,0.15,0.50,0.00,0.50,0.48,NUC
701,0.51,0.34,0.49,0.16,0.50,0.00,0.53,0.21,NUC
702,0.64,0.76,0.51,0.18,0.50,0.00,0.46,0.22,NUC
703,0.45,0.41,0.58,0.48,0.50,0.00,0.53,0.64,NUC
704,0.90,0.54,0.59,0.20,0.50,0.00,0.48,0.22,NUC
705,0.88,0.59,0.54,0.39,0.50,0.00,0.41,0.30,NUC
706,0.70,0.51,0.47,0.24,0.50,0.00,0.53,0.25,NUC
707,0.25,0.36,0.58,0.30,0.50,0.00,0.58,0.31,NUC
708,0.69,0.62,0.49,0.00,1.00,0.00,0.47,0.22,NUC
709,0.83,0.57,0.42,0.57,0.50,0.00,0.50,0.32,ME2
710,0.43,0.38,0.38,0.12,0.50,0.00,0.50,0.22,ME2
711,0.78,0.65,0.40,0.16,0.50,0.00,0.63,0.22,MIT
712,0.52,0.64,0.34,0.16,0.50,0.00,0.57,0.22,MIT
713,0.75,0.66,0.64,0.39,0.50,0.00,0.46,0.32,MIT
714,0.41,0.49,0.58,0.22,0.50,0.00,0.52,0.22,MIT
715,0.58,0.51,0.56,0.16,0.50,0.00,0.34,0.22,NUC
716,0.48,0.49,0.45,0.23,0.50,0.00,0.51,0.22,ME3
717,0.39,0.42,0.49,0.10,0.50,0.00,0.49,0.65,NUC
718,0.31,0.42,0.48,0.17,0.50,0.00,0.49,0.53,NUC
719,0.39,0.28,0.54,0.14,0.50,0.00,0.59,0.22,MIT
720,0.76,0.67,0.37,0.22,0.50,0.00,0.54,0.22,ME2
721,0.49,0.27,0.57,0.18,0.50,0.83,0.54,0.22,POX
722,0.28,0.48,0.56,0.16,0.50,0.00,0.48,0.26,CYT
723,0.69,0.39,0.52,0.12,0.50,0.00,0.38,0.35,CYT
724,0.64,0.52,0.50,0.26,0.50,0.00,0.51,0.31,NUC
725,0.56,0.48,0.50,0.30,0.50,0.00,0.51,0.22,CYT
726,0.50,0.50,0.54,0.16,0.50,0.00,0.49,0.22,POX
727,0.47,0.43,0.59,0.27,0.50,0.00,0.55,0.22,POX
728,0.68,0.59,0.44,0.49,0.50,0.00,0.40,0.26,POX
729,0.50,0.51,0.57,0.27,0.50,0.00,0.48,0.22,POX
730,0.45,0.46,0.61,0.20,0.50,0.00,0.62,0.22,CYT
731,0.53,0.51,0.36,0.13,0.50,0.00,0.52,0.22,ME3
732,0.60,0.54,0.54,0.53,0.50,0.00,0.52,0.27,MIT
733,0.49,0.52,0.53,0.70,0.50,0.00,0.51,0.22,MIT
734,0.49,0.45,0.53,0.16,0.50,0.00,0.49,0.31,CYT
735,0.51,0.46,0.57,0.25,0.50,0.00,0.53,0.22,CYT
736,0.49,0.45,0.46,0.18,0.50,0.00,0.49,0.31,CYT
737,0.52,0.46,0.51,0.18,0.50,0.00,0.50,0.22,CYT
738,0.55,0.59,0.52,0.10,0.50,0.00,0.53,0.22,CYT
739,0.39,0.58,0.50,0.10,0.50,0.00,0.51,0.25,CYT
740,0.70,0.84,0.49,0.28,1.00,0.00,0.58,0.22,ERL
741,0.33,0.38,0.45,0.19,0.50,0.00,0.54,0.37,NUC
742,0.61,0.46,0.44,0.47,0.50,0.00,0.50,0.37,NUC
743,0.41,0.48,0.38,0.13,0.50,0.00,0.51,0.35,ME3
744,0.37,0.42,0.60,0.13,0.50,0.00,0.51,0.22,NUC
745,0.45,0.58,0.59,0.44,0.50,0.00,0.56,0.22,MIT
746,0.74,0.89,0.32,0.24,0.50,0.00,0.54,0.32,ME1
747,0.28,0.46,0.26,0.18,0.50,0.00,0.39,0.22,VAC
748,0.51,0.46,0.49,0.21,0.50,0.00,0.55,0.22,VAC
749,0.80,0.82,0.57,0.26,0.50,0.00,0.57,0.27,VAC
750,0.46,0.49,0.45,0.28,0.50,0.00,0.55,0.22,VAC
751,0.40,0.36,0.55,0.15,0.50,0.00,0.53,0.22,VAC
752,0.67,0.46,0.58,0.30,0.50,0.00,0.57,0.27,NUC
753,0.50,0.32,0.49,0.49,0.50,0.00,0.48,0.32,MIT
754,0.45,0.53,0.47,0.43,0.50,0.00,0.50,0.27,MIT
755,0.75,0.60,0.43,0.35,0.50,0.00,0.45,0.27,MIT
756,0.56,0.68,0.52,0.39,0.50,0.00,0.36,0.22,MIT
757,0.48,0.45,0.59,0.35,0.50,0.00,0.55,0.30,MIT
758,0.26,0.28,0.60,0.20,0.50,0.00,0.54,0.31,MIT
759,0.59,0.45,0.58,0.21,0.50,0.00,0.49,0.22,MIT
760,0.48,0.52,0.49,0.35,0.50,0.50,0.51,0.22,MIT
761,0.59,0.58,0.47,0.61,0.50,0.00,0.44,0.30,MIT
762,0.50,0.57,0.62,0.25,0.50,0.00,0.51,0.22,MIT
763,0.57,0.49,0.50,0.20,0.50,0.00,0.51,0.28,CYT
764,0.62,0.43,0.49,0.29,0.50,0.00,0.50,0.27,CYT
765,0.45,0.41,0.49,0.14,1.00,0.00,0.53,0.30,CYT
766,0.47,0.49,0.60,0.15,0.50,0.00,0.38,0.22,CYT
767,0.41,0.48,0.54,0.24,0.50,0.00,0.37,0.51,NUC
768,0.46,0.46,0.53,0.23,0.50,0.00,0.51,0.22,CYT
769,0.48,0.42,0.48,0.19,0.50,0.00,0.58,0.22,CYT
770,0.43,0.45,0.53,0.19,0.50,0.00,0.56,0.22,CYT
771,0.28,0.36,0.55,0.15,0.50,0.00,0.57,0.22,CYT
772,0.48,0.46,0.58,0.26,0.50,0.00,0.44,0.22,NUC
773,0.74,0.72,0.50,0.28,0.50,0.00,0.50,0.27,EXC
774,0.74,0.72,0.50,0.28,0.50,0.00,0.49,0.27,EXC
775,0.38,0.62,0.52,0.14,0.50,0.00,0.53,0.22,CYT
776,0.77,0.72,0.48,0.26,0.50,0.00,0.51,0.22,EXC
777,0.44,0.42,0.57,0.22,0.50,0.00,0.50,0.25,NUC
778,0.74,0.74,0.51,0.27,0.50,0.00,0.50,0.22,EXC
779,0.39,0.81,0.35,0.28,0.50,0.00,0.51,0.45,ME3
780,0.53,0.54,0.43,0.18,0.50,0.00,0.53,0.31,NUC
781,0.38,0.45,0.37,0.19,0.50,0.00,0.52,0.30,ME3
782,0.40,0.37,0.54,0.13,0.50,0.00,0.48,0.22,NUC
783,0.31,0.30,0.34,0.19,0.50,0.00,0.55,0.30,ME3
784,0.50,0.42,0.57,0.49,0.50,0.00,0.48,0.27,NUC
785,0.59,0.61,0.51,0.62,0.50,0.00,0.51,0.38,MIT
786,0.45,0.40,0.43,0.22,0.50,0.00,0.51,0.48,NUC
787,0.47,0.54,0.53,0.77,0.50,0.00,0.52,0.36,MIT
788,0.77,0.78,0.51,0.28,0.50,0.00,0.33,0.22,EXC
789,0.74,0.71,0.52,0.30,0.50,0.00,0.27,0.22,EXC
790,0.77,0.73,0.51,0.27,0.50,0.00,0.34,0.22,EXC
791,0.47,0.61,0.50,0.23,0.50,0.00,0.49,0.22,ME3
792,0.78,0.69,0.44,0.26,0.50,0.00,0.54,0.22,ME1
793,0.49,0.60,0.30,0.34,0.50,0.00,0.50,0.43,ME3
794,0.27,0.56,0.30,0.14,0.50,0.00,0.52,0.39,ME3
795,0.40,0.39,0.33,0.17,0.50,0.00,0.51,0.31,VAC
796,0.55,0.51,0.54,0.20,0.50,0.00,0.56,0.22,CYT
797,0.95,0.71,0.27,0.39,0.50,0.00,0.31,0.22,ME2
798,0.97,0.71,0.29,0.42,0.50,0.00,0.35,0.22,ME2
799,0.44,0.43,0.34,0.21,0.50,0.00,0.55,0.40,ME3
800,0.39,0.49,0.30,0.19,0.50,0.00,0.52,0.31,ME3
801,0.38,0.48,0.51,0.13,0.50,0.00,0.50,0.32,NUC
802,0.37,0.51,0.39,0.18,0.50,0.00,0.51,0.27,ME3
803,0.27,0.49,0.36,0.26,0.50,0.00,0.49,0.26,ME3
804,0.49,0.48,0.52,0.20,0.50,0.00,0.55,0.22,NUC
805,0.36,0.39,0.54,0.16,0.50,0.00,0.50,0.28,NUC
806,0.54,0.53,0.48,0.14,0.50,0.00,0.49,0.33,NUC
807,0.37,0.48,0.50,0.26,0.50,0.00,0.52,0.39,NUC
808,0.25,0.39,0.50,0.23,0.50,0.00,0.50,0.28,NUC
809,0.49,0.71,0.54,0.13,0.50,0.00,0.58,0.22,NUC
810,0.56,0.50,0.56,0.26,0.50,0.00,0.53,0.27,NUC
811,0.41,0.53,0.41,0.15,0.50,0.00,0.54,0.25,NUC
812,0.50,0.45,0.53,0.21,0.50,0.00,0.28,0.22,NUC
813,0.46,0.37,0.48,0.36,0.50,0.00,0.48,0.22,POX
814,0.66,0.55,0.34,0.20,0.50,0.00,0.62,0.22,ME3
815,0.42,0.65,0.58,0.34,0.50,0.00,0.50,0.22,MIT
816,0.45,0.47,0.53,0.15,0.50,0.00,0.52,0.27,CYT
817,0.42,0.28,0.51,0.23,0.50,0.00,0.53,0.27,NUC
818,0.51,0.48,0.46,0.29,0.50,0.00,0.54,0.22,CYT
819,0.75,0.69,0.48,0.13,0.50,0.00,0.57,0.40,VAC
820,0.69,0.70,0.50,0.30,0.50,0.00,0.54,0.22,VAC
821,0.63,0.55,0.53,0.51,0.50,0.00,0.55,0.22,VAC
822,0.55,0.63,0.54,0.16,0.50,0.00,0.45,0.27,CYT
823,0.46,0.62,0.54,0.25,0.50,0.00,0.46,0.22,CYT
824,0.53,0.59,0.48,0.14,0.50,0.00,0.51,0.22,CYT
825,0.42,0.53,0.57,0.17,0.50,0.00,0.49,0.22,CYT
826,0.52,0.46,0.56,0.20,0.50,0.00,0.50,0.22,CYT
827,0.53,0.43,0.57,0.24,0.50,0.00,0.39,0.28,CYT
828,0.33,0.35,0.56,0.19,0.50,0.00,0.50,0.22,NUC
829,0.45,0.48,0.56,0.56,0.50,0.00,0.47,0.22,NUC
830,0.56,0.48,0.50,0.17,0.50,0.00,0.51,0.26,CYT
831,0.77,0.57,0.45,0.17,0.50,0.00,0.53,0.22,CYT
832,0.56,0.59,0.54,0.18,0.50,0.00,0.48,0.46,NUC
833,0.33,0.39,0.52,0.09,0.50,0.00,0.47,0.28,NUC
834,0.48,0.41,0.54,0.39,0.50,0.00,0.51,0.22,NUC
835,0.30,0.30,0.46,0.32,0.50,0.00,0.45,0.22,NUC
836,0.38,0.26,0.60,0.10,0.50,0.00,0.48,0.44,NUC
837,0.68,0.39,0.50,0.15,0.50,0.00,0.48,0.37,NUC
838,0.62,0.41,0.52,0.17,0.50,0.00,0.48,0.22,NUC
839,0.52,0.37,0.48,0.13,0.50,0.00,0.55,0.22,NUC
840,0.32,0.48,0.49,0.17,0.50,0.00,0.47,0.22,NUC
841,0.34,0.35,0.58,0.20,0.50,0.00,0.46,0.32,NUC
842,0.33,0.21,0.53,0.15,1.00,0.00,0.52,0.50,NUC
843,0.49,0.45,0.57,0.24,0.50,0.00,0.47,0.38,NUC
844,0.40,0.28,0.48,0.06,0.50,0.00,0.49,0.42,NUC
845,0.51,0.39,0.56,0.25,0.50,0.00,0.51,0.33,NUC
846,0.45,0.45,0.52,0.17,0.50,0.00,0.54,0.22,CYT
847,0.28,0.51,0.55,0.19,0.50,0.00,0.57,0.22,CYT
848,0.51,0.51,0.56,0.28,0.50,0.00,0.54,0.27,CYT
849,0.48,0.56,0.49,0.32,0.50,0.00,0.50,0.22,CYT
850,0.59,0.46,0.48,0.46,0.50,0.00,0.49,0.22,CYT
851,0.51,0.46,0.40,0.65,0.50,0.00,0.49,0.22,MIT
852,0.37,0.44,0.51,0.56,0.50,0.00,0.50,0.38,NUC
853,0.81,0.55,0.35,0.34,0.50,0.00,0.51,0.22,ME2
854,0.53,0.45,0.53,0.18,0.50,0.00,0.42,0.22,CYT
855,0.45,0.27,0.50,0.33,0.50,0.00,0.53,0.26,CYT
856,0.36,0.33,0.38,0.15,0.50,0.00,0.55,0.36,ME3
857,0.48,0.50,0.56,0.11,0.50,0.00,0.33,0.22,CYT
858,0.35,0.47,0.53,0.19,0.50,0.00,0.48,0.22,CYT
859,0.48,0.48,0.56,0.18,0.50,0.00,0.58,0.22,CYT
860,0.60,0.59,0.47,0.47,0.50,0.00,0.53,0.22,MIT
861,0.45,0.53,0.51,0.42,0.50,0.00,0.52,0.22,MIT
862,0.29,0.40,0.41,0.48,0.50,0.00,0.53,0.30,NUC
863,0.58,0.53,0.33,0.26,0.50,0.00,0.51,0.22,ME3
864,0.46,0.43,0.50,0.24,0.50,0.00,0.48,0.31,CYT
865,0.43,0.46,0.50,0.21,0.50,0.00,0.49,0.34,CYT
866,0.61,0.55,0.51,0.26,0.50,0.00,0.52,0.22,CYT
867,0.50,0.62,0.52,0.30,0.50,0.00,0.56,0.22,MIT
868,0.49,0.45,0.54,0.40,0.50,0.00,0.55,0.22,MIT
869,0.64,0.53,0.59,0.14,0.50,0.00,0.53,0.22,MIT
870,0.57,0.60,0.54,0.17,0.50,0.00,0.52,0.22,MIT
871,0.38,0.31,0.59,0.19,0.50,0.00,0.46,0.22,MIT
872,0.68,0.53,0.44,0.31,0.50,0.00,0.51,0.22,MIT
873,0.24,0.41,0.47,0.16,0.50,0.00,0.51,0.38,NUC
874,0.61,0.39,0.53,0.14,0.50,0.00,0.43,0.26,NUC
875,0.39,0.16,0.59,0.08,0.50,0.00,0.51,0.27,NUC
876,0.33,0.28,0.50,0.40,0.50,0.00,0.46,0.61,NUC
877,0.51,0.55,0.56,0.18,0.50,0.00,0.50,0.38,NUC
878,0.39,0.44,0.54,0.24,0.50,0.00,0.51,0.49,NUC
879,0.43,0.48,0.53,0.18,0.50,0.00,0.46,0.22,NUC
880,0.47,0.43,0.48,0.16,0.50,0.00,0.46,0.27,NUC
881,0.52,0.50,0.51,0.20,0.50,0.00,0.51,0.22,NUC
882,0.33,0.28,0.52,0.15,0.50,0.00,0.51,0.86,NUC
883,0.36,0.48,0.50,0.13,0.50,0.00,0.49,0.60,NUC
884,0.45,0.54,0.49,0.29,0.50,0.00,0.49,0.25,NUC
885,0.55,0.59,0.53,0.15,0.50,0.00,0.49,0.22,NUC
886,0.31,0.39,0.55,0.28,0.50,0.00,0.46,0.31,NUC
887,0.43,0.41,0.51,0.34,0.50,0.00,0.49,0.28,NUC
888,0.64,0.50,0.53,0.10,0.50,0.00,0.51,0.22,NUC
889,0.41,0.52,0.56,0.26,0.50,0.00,0.48,0.32,NUC
890,0.48,0.47,0.59,0.41,0.50,0.00,0.56,0.27,NUC
891,0.49,0.49,0.51,0.29,0.50,0.00,0.52,0.71,NUC
892,0.41,0.52,0.51,0.22,0.50,0.00,0.52,0.44,NUC
893,0.51,0.61,0.50,0.23,0.50,0.00,0.52,0.61,NUC
894,0.59,0.47,0.51,0.53,0.50,0.00,0.53,0.26,CYT
895,0.40,0.60,0.50,0.16,0.50,0.00,0.51,0.22,CYT
896,0.54,0.53,0.53,0.17,0.50,0.00,0.51,0.39,NUC
897,0.61,0.46,0.54,0.11,0.50,0.00,0.47,0.22,CYT
898,0.66,0.55,0.54,0.18,0.50,0.00,0.43,0.22,CYT
899,0.53,0.46,0.54,0.37,0.50,0.00,0.51,0.30,NUC
900,0.41,0.41,0.43,0.61,0.50,0.00,0.53,0.22,MIT
901,0.58,0.31,0.60,0.12,0.50,0.00,0.47,0.33,NUC
902,0.49,0.67,0.50,0.28,0.50,0.00,0.43,0.22,NUC
903,0.44,0.33,0.55,0.16,0.50,0.00,0.49,0.22,NUC
904,0.44,0.45,0.53,0.19,0.50,0.00,0.41,0.28,NUC
905,0.57,0.55,0.52,0.16,0.50,0.00,0.49,0.39,NUC
906,0.45,0.66,0.39,0.11,0.50,0.00,0.54,0.22,ME3
907,0.32,0.49,0.53,0.28,0.50,0.00,0.50,0.50,NUC
908,0.35,0.42,0.56,0.28,0.50,0.00,0.47,0.22,NUC
909,0.46,0.41,0.58,0.10,0.50,0.00,0.48,0.22,NUC
910,0.57,0.51,0.58,0.22,0.50,0.00,0.51,0.22,NUC
911,0.47,0.47,0.54,0.19,0.50,0.00,0.51,0.33,NUC
912,0.34,0.58,0.50,0.26,0.50,0.00,0.51,0.22,NUC
913,0.55,0.45,0.58,0.25,0.50,0.00,0.49,0.22,NUC
914,0.40,0.66,0.34,0.21,0.50,0.00,0.52,0.26,NUC
915,0.42,0.21,0.59,0.30,0.50,0.00,0.47,0.27,NUC
916,0.60,0.48,0.46,0.32,0.50,0.00,0.40,0.33,CYT
917,0.64,0.44,0.51,0.35,0.50,0.00,0.53,0.22,CYT
918,0.35,0.40,0.44,0.25,0.50,0.00,0.53,0.57,NUC
919,0.55,0.38,0.64,0.42,0.50,0.00,0.47,0.22,MIT
920,0.45,0.43,0.50,0.25,0.50,0.00,0.47,0.22,MIT
921,0.47,0.53,0.48,0.51,0.50,0.00,0.54,0.22,MIT
922,0.45,0.49,0.57,0.25,0.50,0.00,0.48,0.22,NUC
923,0.45,0.52,0.50,0.12,0.50,0.00,0.60,0.22,CYT
924,0.56,0.51,0.32,0.49,0.50,0.00,0.48,0.22,NUC
925,0.37,0.58,0.50,0.22,0.50,0.00,0.47,0.22,NUC
926,0.47,0.45,0.51,0.33,0.50,0.00,0.46,0.26,NUC
927,0.50,0.36,0.64,0.37,0.50,0.00,0.37,0.33,NUC
928,0.43,0.44,0.64,0.19,0.50,0.00,0.38,0.33,NUC
929,0.38,0.40,0.59,0.25,0.50,0.00,0.44,0.22,CYT
930,0.39,0.39,0.59,0.25,0.50,0.00,0.45,0.22,CYT
931,0.54,0.55,0.56,0.14,0.50,0.00,0.50,0.25,CYT
932,0.45,0.50,0.57,0.29,0.50,0.00,0.44,0.11,CYT
933,0.45,0.50,0.57,0.29,0.50,0.00,0.44,0.11,CYT
934,0.61,0.38,0.57,0.36,0.50,0.00,0.44,0.21,CYT
935,0.61,0.38,0.57,0.36,0.50,0.00,0.44,0.21,CYT
936,0.43,0.33,0.54,0.37,0.50,0.00,0.38,0.16,CYT
937,0.43,0.33,0.54,0.37,0.50,0.00,0.38,0.16,CYT
938,0.51,0.39,0.58,0.19,0.50,0.00,0.47,0.22,CYT
939,0.72,0.51,0.52,0.08,0.50,0.00,0.54,0.22,NUC
940,0.35,0.41,0.53,0.27,0.50,0.00,0.47,0.29,NUC
941,0.56,0.49,0.54,0.15,0.50,0.00,0.50,0.35,NUC
942,0.57,0.37,0.43,0.27,0.50,0.00,0.53,0.28,NUC
943,0.57,0.49,0.61,0.26,0.50,0.00,0.52,0.22,NUC
944,0.48,0.45,0.63,0.19,0.50,0.00,0.58,0.22,NUC
945,0.34,0.48,0.47,0.19,0.50,0.00,0.50,0.30,NUC
946,0.54,0.57,0.55,0.18,0.50,0.00,0.50,0.22,NUC
947,0.38,0.44,0.55,0.44,0.50,0.00,0.47,0.51,NUC
948,0.40,0.30,0.57,0.13,0.50,0.00,0.46,0.22,NUC
949,0.27,0.31,0.55,0.13,0.50,0.00,0.50,0.22,NUC
950,0.52,0.46,0.56,0.25,0.50,0.00,0.52,0.22,NUC
951,0.44,0.50,0.55,0.24,0.50,0.00,0.48,0.22,NUC
952,0.34,0.47,0.48,0.32,0.50,0.00,0.42,0.22,NUC
953,0.50,0.56,0.63,0.25,0.50,0.00,0.42,0.22,NUC
954,0.46,0.53,0.47,0.37,0.50,0.00,0.51,0.36,NUC
955,0.31,0.60,0.65,0.18,0.50,0.00,0.46,0.22,NUC
956,0.57,0.42,0.63,0.22,0.50,0.00,0.68,0.32,NUC
957,0.37,0.45,0.53,0.14,0.50,0.00,0.49,0.22,NUC
958,0.38,0.38,0.54,0.24,0.50,0.00,0.54,0.22,NUC
959,0.36,0.49,0.55,0.21,0.50,0.00,0.55,0.33,NUC
960,0.29,0.40,0.50,0.16,0.50,0.00,0.51,0.34,NUC
961,0.37,0.30,0.51,0.15,0.50,0.00,0.58,0.26,NUC
962,0.35,0.33,0.48,0.42,0.50,0.00,0.47,0.43,CYT
963,0.46,0.35,0.69,0.18,0.50,0.00,0.30,0.25,CYT
964,0.46,0.35,0.69,0.18,0.50,0.00,0.30,0.25,CYT
965,0.57,0.43,0.52,0.30,0.50,0.00,0.37,0.11,CYT
966,0.57,0.43,0.52,0.30,0.50,0.00,0.37,0.11,CYT
967,0.59,0.51,0.48,0.12,0.50,0.00,0.54,0.31,CYT
968,0.59,0.51,0.48,0.12,0.50,0.00,0.54,0.31,CYT
969,0.61,0.53,0.59,0.17,0.50,0.00,0.44,0.28,CYT
970,0.61,0.48,0.56,0.19,0.50,0.00,0.53,0.31,CYT
971,0.61,0.48,0.56,0.19,0.50,0.00,0.53,0.31,CYT
972,0.44,0.56,0.52,0.18,0.50,0.00,0.50,0.11,CYT
973,0.36,0.56,0.52,0.18,0.50,0.00,0.45,0.16,CYT
974,0.37,0.44,0.64,0.48,0.50,0.00,0.36,0.27,CYT
975,0.72,0.37,0.63,0.38,0.50,0.00,0.40,0.14,CYT
976,0.72,0.37,0.63,0.38,0.50,0.00,0.40,0.14,CYT
977,0.44,0.36,0.64,0.45,0.50,0.00,0.53,0.11,CYT
978,0.58,0.45,0.55,0.27,0.50,0.00,0.48,0.11,CYT
979,0.63,0.64,0.45,0.26,0.50,0.00,0.43,0.22,CYT
980,0.63,0.64,0.45,0.26,0.50,0.00,0.43,0.22,CYT
981,0.43,0.33,0.67,0.12,0.50,0.00,0.45,0.23,CYT
982,0.43,0.33,0.67,0.12,0.50,0.00,0.43,0.23,CYT
983,0.58,0.44,0.50,0.26,0.50,0.00,0.52,0.22,CYT
984,0.38,0.43,0.53,0.22,0.50,0.00,0.48,0.11,CYT
985,0.40,0.45,0.61,0.29,0.50,0.00,0.44,0.22,CYT
986,0.40,0.45,0.61,0.29,0.50,0.00,0.44,0.22,CYT
987,0.34,0.34,0.65,0.40,0.50,0.00,0.32,0.16,CYT
988,0.34,0.34,0.65,0.40,0.50,0.00,0.32,0.16,CYT
989,0.43,0.22,0.79,0.79,0.50,0.00,0.22,0.00,CYT
990,0.35,0.21,1.00,0.80,0.50,0.00,0.13,0.01,CYT
991,0.35,0.21,1.00,0.80,0.50,0.00,0.13,0.01,CYT
992,0.56,0.35,0.47,0.41,0.50,0.00,0.50,0.22,CYT
993,0.56,0.35,0.47,0.35,0.50,0.00,0.52,0.22,CYT
994,0.54,0.44,0.55,0.48,0.50,0.00,0.47,0.22,CYT
995,0.35,0.39,0.56,0.20,0.50,0.00,0.49,0.41,CYT
996,0.48,0.46,0.58,0.16,0.50,0.00,0.45,0.22,CYT
997,0.48,0.55,0.48,0.10,0.50,0.00,0.55,0.22,CYT
998,0.66,0.60,0.52,0.19,0.50,0.00,0.69,0.22,CYT
999,0.69,0.54,0.55,0.23,0.50,0.00,0.73,0.22,CYT
1000,0.73,0.60,0.47,0.20,0.50,0.00,0.72,0.22,CYT
1001,0.78,0.82,0.56,0.21,0.50,0.00,0.69,0.22,CYT
1002,0.42,0.49,0.49,0.36,0.50,0.00,0.57,0.26,MIT
1003,0.44,0.62,0.53,0.27,0.50,0.00,0.49,0.22,NUC
1004,0.56,0.61,0.52,0.19,0.50,0.00,0.52,0.32,NUC
1005,0.47,0.56,0.46,0.50,0.50,0.00,0.51,0.22,MIT
1006,0.46,0.33,0.45,0.22,0.50,0.00,0.41,0.37,CYT
1007,0.52,0.43,0.61,0.22,0.50,0.00,0.45,0.22,CYT
1008,0.52,0.43,0.61,0.22,0.50,0.00,0.45,0.22,CYT
1009,0.32,0.44,0.54,0.21,0.50,0.00,0.40,0.19,CYT
1010,0.32,0.44,0.54,0.21,0.50,0.00,0.40,0.19,CYT
1011,0.48,0.41,0.52,0.33,0.50,0.00,0.51,0.26,CYT
1012,0.46,0.39,0.54,0.22,0.50,0.00,0.48,0.25,CYT
1013,0.46,0.39,0.54,0.22,0.50,0.00,0.48,0.25,CYT
1014,0.42,0.50,0.64,0.13,0.50,0.00,0.49,0.22,CYT
1015,0.46,0.54,0.59,0.41,0.50,0.00,0.53,0.21,CYT
1016,0.46,0.54,0.59,0.41,0.50,0.00,0.53,0.21,CYT
1017,0.39,0.65,0.57,0.19,0.50,0.00,0.44,0.25,CYT
1018,0.39,0.65,0.57,0.19,0.50,0.00,0.43,0.25,CYT
1019,0.38,0.50,0.52,0.44,0.50,0.00,0.54,0.11,CYT
1020,0.38,0.50,0.52,0.44,0.50,0.00,0.54,0.11,CYT
1021,0.51,0.52,0.58,0.17,0.50,0.00,0.47,0.28,CYT
1022,0.57,0.48,0.54,0.22,0.50,0.00,0.50,0.11,CYT
1023,0.50,0.50,0.62,0.23,0.50,0.00,0.35,0.11,CYT
1024,0.41,0.49,0.65,0.28,0.50,0.00,0.59,0.57,CYT
1025,0.53,0.57,0.60,0.36,0.50,0.00,0.50,0.22,CYT
1026,0.53,0.57,0.60,0.36,0.50,0.00,0.50,0.22,CYT
1027,0.37,0.30,0.62,0.43,0.50,0.00,0.44,0.39,CYT
1028,0.37,0.30,0.62,0.43,0.50,0.00,0.44,0.39,CYT
1029,0.60,0.57,0.52,0.14,0.50,0.00,0.46,0.48,NUC
1030,0.42,0.38,0.52,0.29,0.50,0.00,0.42,0.22,NUC
1031,0.41,0.46,0.58,0.08,0.50,0.00,0.51,0.28,NUC
1032,0.49,0.40,0.58,0.23,0.50,0.00,0.47,0.27,CYT
1033,0.37,0.37,0.51,0.38,0.50,0.00,0.44,0.22,CYT
1034,0.57,0.50,0.40,0.08,0.50,0.00,0.47,0.22,ME3
1035,0.51,0.40,0.50,0.28,0.50,0.00,0.48,0.27,CYT
1036,0.34,0.25,0.55,0.28,0.50,0.00,0.51,0.49,CYT
1037,0.77,0.86,0.44,0.27,0.50,0.00,0.48,0.22,ME1
1038,0.59,0.54,0.53,0.14,0.50,0.00,0.48,0.22,CYT
1039,0.50,0.48,0.48,0.23,0.50,0.00,0.53,0.68,CYT
1040,0.39,1.00,0.38,0.41,0.50,0.00,0.50,0.27,MIT
1041,0.56,0.42,0.52,0.14,0.50,0.00,0.51,0.22,CYT
1042,0.39,0.46,0.33,0.18,0.50,0.00,0.53,0.22,ME3
1043,0.52,0.54,0.47,0.49,0.50,0.00,0.54,0.22,MIT
1044,0.46,0.49,0.55,0.18,0.50,0.00,0.56,0.22,NUC
1045,0.56,0.65,0.49,0.56,0.50,0.00,0.49,0.22,MIT
1046,0.53,0.51,0.55,0.57,0.50,0.00,0.46,0.22,MIT
1047,0.54,0.64,0.40,0.56,0.50,0.00,0.51,0.22,MIT
1048,0.47,0.58,0.47,0.52,0.50,0.00,0.54,0.22,MIT
1049,0.46,0.42,0.51,0.16,0.50,0.00,0.56,0.22,CYT
1050,0.60,0.51,0.49,0.18,0.50,0.00,0.53,0.38,CYT
1051,0.85,0.66,0.49,0.18,0.50,0.00,0.51,0.22,ME1
1052,0.55,0.52,0.44,0.20,0.50,0.00,0.56,0.22,ME2
1053,0.49,0.38,0.56,0.09,0.50,0.00,0.46,0.22,CYT
1054,0.38,0.40,0.53,0.12,0.50,0.00,0.55,0.22,CYT
1055,0.55,0.55,0.52,0.13,0.50,0.00,0.53,0.25,CYT
1056,0.46,0.44,0.58,0.17,0.50,0.00,0.55,0.22,CYT
1057,0.34,0.46,0.52,0.19,0.50,0.00,0.53,0.26,CYT
1058,0.58,0.56,0.46,0.14,0.50,0.00,0.51,0.22,CYT
1059,0.46,0.47,0.44,0.18,1.00,0.00,0.46,0.22,ME2
1060,0.44,0.71,0.50,0.21,0.50,0.00,0.54,0.27,CYT
1061,0.56,0.49,0.32,0.22,0.50,0.00,0.50,0.22,ME2
1062,0.41,0.49,0.47,0.09,0.50,0.00,0.49,0.22,CYT
1063,0.44,0.51,0.53,0.30,0.50,0.00,0.53,0.22,CYT
1064,0.54,0.51,0.56,0.15,0.50,0.00,0.54,0.31,CYT
1065,0.51,0.51,0.32,0.27,0.50,0.00,0.54,0.22,ME3
1066,0.46,0.38,0.51,0.20,0.50,0.00,0.51,0.22,CYT
1067,0.55,0.72,0.35,0.26,0.50,0.00,0.49,0.22,ME3
1068,0.54,0.44,0.35,0.19,0.50,0.00,0.51,0.27,ME3
1069,0.65,0.66,0.37,0.12,0.50,0.00,0.52,0.27,ME3
1070,0.41,0.40,0.56,0.17,0.50,0.00,0.56,0.22,CYT
1071,0.39,0.71,0.38,0.14,0.50,0.00,0.50,0.22,ME2
1072,0.37,0.42,0.46,0.15,0.50,0.00,0.51,0.31,ME2
1073,0.59,0.55,0.57,0.18,0.50,0.00,0.51,0.22,CYT
1074,0.48,0.51,0.50,0.24,0.50,0.00,0.54,0.38,CYT
1075,0.39,0.30,0.63,0.20,0.50,0.00,0.43,0.47,CYT
1076,0.47,0.52,0.54,0.25,0.50,0.00,0.54,0.29,MIT
1077,0.77,0.82,0.40,0.36,0.50,0.00,0.38,0.22,ME1
1078,0.52,0.55,0.39,0.09,1.00,0.00,0.55,0.25,ME3
1079,0.42,0.28,0.33,0.23,0.50,0.00,0.39,0.26,ME3
1080,0.47,0.37,0.46,0.28,0.50,0.00,0.52,0.99,NUC
1081,0.48,0.50,0.47,0.29,0.50,0.00,0.46,0.27,NUC
1082,0.30,0.33,0.55,0.12,0.50,0.00,0.53,0.38,CYT
1083,0.49,0.49,0.52,0.18,0.50,0.00,0.51,0.25,NUC
1084,0.54,0.59,0.57,0.34,0.50,0.00,0.49,0.22,NUC
1085,0.70,0.78,0.53,0.24,0.50,0.00,0.48,0.22,VAC
1086,0.85,0.69,0.34,0.31,0.50,0.00,0.57,0.30,ME1
1087,0.56,0.59,0.45,0.15,0.50,0.00,0.54,0.22,MIT
1088,0.47,0.56,0.53,0.44,0.50,0.00,0.53,0.22,MIT
1089,0.53,0.49,0.47,0.21,0.50,0.00,0.53,0.22,CYT
1090,0.70,0.57,0.34,0.19,0.50,0.00,0.53,0.27,ME2
1091,0.42,0.43,0.67,0.70,0.50,0.00,0.42,0.25,CYT
1092,0.47,0.44,0.53,0.18,0.50,0.00,0.47,0.29,NUC
1093,0.40,0.49,0.53,0.23,0.50,0.00,0.44,0.26,NUC
1094,0.45,0.65,0.51,0.17,0.50,0.00,0.49,0.22,NUC
1095,0.42,0.42,0.55,0.31,0.50,0.00,0.43,0.22,NUC
1096,0.45,0.41,0.53,0.49,0.50,0.00,0.49,0.31,NUC
1097,0.42,0.28,0.49,0.22,0.50,0.00,0.55,0.34,NUC
1098,0.47,0.50,0.47,0.22,0.50,0.00,0.53,0.45,NUC
1099,0.33,0.42,0.55,0.23,0.50,0.00,0.52,0.43,NUC
1100,0.56,0.55,0.57,0.15,0.50,0.00,0.54,0.25,CYT
1101,0.37,0.47,0.49,0.12,0.50,0.00,0.47,0.31,NUC
1102,0.32,0.60,0.48,0.13,0.50,0.00,0.53,0.22,NUC
1103,0.38,0.42,0.31,0.35,0.50,0.00,0.52,0.22,ME3
1104,0.46,0.56,0.56,0.25,0.50,0.00,0.43,0.22,NUC
1105,0.47,0.55,0.57,0.17,0.50,0.00,0.52,0.66,NUC
1106,0.37,0.55,0.52,0.13,0.50,0.00,0.42,0.80,CYT
1107,0.46,0.48,0.38,0.22,0.50,0.00,0.39,0.45,ME3
1108,0.80,0.69,0.53,0.33,0.50,0.00,0.51,0.22,ME2
1109,0.52,0.65,0.36,0.37,0.50,0.00,0.52,0.34,ME3
1110,0.19,0.16,0.68,0.36,0.50,0.00,0.49,0.21,NUC
1111,0.64,0.31,0.53,0.15,0.50,0.00,0.53,0.31,CYT
1112,0.40,0.43,0.36,0.33,0.50,0.00,0.51,0.22,ME3
1113,0.47,0.56,0.51,0.20,0.50,0.00,0.52,0.59,NUC
1114,0.40,0.75,0.44,0.12,0.50,0.00,0.49,0.22,NUC
1115,0.48,0.55,0.58,0.18,0.50,0.00,0.38,0.69,NUC
1116,0.57,0.51,0.34,0.13,0.50,0.00,0.53,0.27,MIT
1117,0.23,0.37,0.32,0.13,0.50,0.00,0.53,0.22,MIT
1118,0.54,0.50,0.51,0.26,0.50,0.00,0.52,0.22,CYT
1119,0.60,0.64,0.56,0.36,0.50,0.00,0.46,0.27,CYT
1120,0.27,0.41,0.24,0.20,0.50,0.00,0.49,0.22,ME3
1121,0.25,0.35,0.22,0.18,0.50,0.00,0.46,0.22,ME3
1122,0.39,0.45,0.51,0.29,0.50,0.00,0.54,0.22,CYT
1123,0.33,0.47,0.55,0.24,0.50,0.00,0.45,0.67,NUC
1124,0.37,0.40,0.38,0.18,0.50,0.00,0.51,0.22,ME3
1125,0.43,0.47,0.47,0.18,0.50,0.00,0.47,0.22,CYT
1126,0.66,0.43,0.57,0.60,0.50,0.00,0.19,0.33,NUC
1127,0.55,0.40,0.62,0.22,0.50,0.00,0.37,0.28,NUC
1128,0.33,0.46,0.60,0.18,0.50,0.00,0.51,0.26,NUC
1129,0.51,0.50,0.54,0.11,0.50,0.00,0.60,0.22,NUC
1130,0.54,0.60,0.57,0.17,0.50,0.00,0.44,0.22,NUC
1131,0.45,0.57,0.38,0.28,0.50,0.00,0.53,0.31,ME3
1132,0.55,0.57,0.51,0.07,0.50,0.00,0.55,0.22,CYT
1133,0.54,0.47,0.58,0.40,0.50,0.00,0.46,0.27,MIT
1134,0.36,0.32,0.55,0.27,0.50,0.00,0.47,0.43,NUC
1135,0.46,0.41,0.45,0.23,0.50,0.00,0.48,0.22,NUC
1136,0.40,0.39,0.60,0.23,0.50,0.00,0.52,0.31,NUC
1137,0.52,0.47,0.58,0.18,0.50,0.00,0.34,0.11,CYT
1138,0.52,0.47,0.58,0.18,0.50,0.00,0.34,0.11,CYT
1139,0.50,0.45,0.51,0.19,0.50,0.00,0.53,0.25,CYT
1140,0.57,0.55,0.51,0.18,0.50,0.00,0.51,0.43,NUC
1141,0.44,0.43,0.46,0.28,0.50,0.00,0.45,0.29,NUC
1142,0.46,0.50,0.50,0.28,0.50,0.00,0.50,0.37,NUC
1143,0.66,0.65,0.54,0.40,0.50,0.00,0.51,0.22,EXC
1144,0.77,0.73,0.49,0.46,0.50,0.00,0.38,0.22,EXC
1145,0.38,0.58,0.46,0.21,0.50,0.00,0.52,0.22,NUC
1146,0.32,0.68,0.51,0.16,0.50,0.83,0.55,0.22,POX
1147,0.27,0.46,0.52,0.17,0.50,0.00,0.49,0.44,NUC
1148,0.52,0.45,0.45,0.13,0.50,0.00,0.48,0.22,NUC
1149,0.37,0.29,0.45,0.15,0.50,0.00,0.49,0.22,NUC
1150,0.37,0.48,0.67,0.37,0.50,0.00,0.56,0.62,NUC
1151,0.44,0.59,0.54,0.18,0.50,0.00,0.49,0.22,NUC
1152,0.48,0.65,0.36,0.24,0.50,0.00,0.54,0.31,NUC
1153,0.59,0.49,0.45,0.22,0.50,0.00,0.45,0.31,NUC
1154,0.73,0.52,0.59,0.25,0.50,0.00,0.51,0.22,NUC
1155,0.50,0.43,0.50,0.17,0.50,0.00,0.46,0.47,NUC
1156,0.23,0.13,0.51,0.16,0.50,0.00,0.53,0.51,NUC
1157,0.49,0.60,0.54,0.35,0.50,0.00,0.53,0.46,NUC
1158,0.52,0.31,0.56,0.16,0.50,0.00,0.55,0.22,NUC
1159,0.49,0.48,0.51,0.21,0.50,0.00,0.53,0.22,NUC
1160,0.49,0.60,0.42,0.18,0.50,0.00,0.58,0.28,NUC
1161,0.60,0.62,0.54,0.11,0.50,0.00,0.51,0.22,NUC
1162,0.55,0.47,0.53,0.20,0.50,0.00,0.40,0.22,NUC
1163,0.47,0.32,0.51,0.24,0.50,0.00,0.54,0.27,NUC
1164,0.53,0.25,0.59,0.27,0.50,0.00,0.45,0.26,NUC
1165,0.31,0.50,0.54,0.32,0.50,0.00,0.53,0.31,NUC
1166,0.25,0.33,0.48,0.18,0.50,0.00,0.42,0.33,NUC
1167,0.55,0.46,0.47,0.15,0.50,0.00,0.47,0.22,ME3
1168,0.61,0.50,0.61,0.21,0.50,0.00,0.55,0.54,CYT
1169,0.50,0.52,0.51,0.22,0.50,0.00,0.46,0.37,CYT
1170,0.62,0.33,0.49,0.24,0.50,0.00,0.51,0.42,CYT
1171,0.56,0.52,0.46,0.17,0.50,0.00,0.49,0.73,CYT
1172,0.52,0.56,0.55,0.16,0.50,0.00,0.53,0.39,CYT
1173,0.53,0.48,0.51,0.18,0.50,0.00,0.52,0.27,CYT
1174,0.51,0.48,0.51,0.19,0.50,0.00,0.51,0.27,CYT
1175,0.51,0.48,0.51,0.26,0.50,0.00,0.51,0.27,CYT
1176,0.53,0.48,0.51,0.18,0.50,0.00,0.51,0.27,CYT
1177,0.60,0.46,0.51,0.10,0.50,0.00,0.48,0.31,CYT
1178,0.60,0.46,0.51,0.10,0.50,0.00,0.48,0.31,CYT
1179,0.44,0.39,0.63,0.11,0.50,0.00,0.49,0.26,NUC
1180,0.51,0.50,0.49,0.45,0.50,0.00,0.48,0.22,MIT
1181,0.45,0.45,0.51,0.30,0.50,0.00,0.48,0.44,CYT
1182,0.38,0.42,0.47,0.12,0.50,0.00,0.47,0.53,NUC
1183,0.19,0.66,0.60,0.14,0.50,0.00,0.20,0.25,NUC
1184,0.41,0.42,0.23,0.16,0.50,0.00,0.40,0.22,ME3
1185,0.25,0.42,0.21,0.14,0.50,0.00,0.41,0.22,ME3
1186,0.70,0.58,0.53,0.39,0.50,0.00,0.59,0.22,EXC
1187,0.49,0.31,0.43,0.24,0.50,0.00,0.54,0.22,ME3
1188,0.46,0.41,0.43,0.18,0.50,0.00,0.54,0.22,ME3
1189,0.83,0.81,0.45,0.38,0.50,0.00,0.40,0.26,EXC
1190,0.38,0.51,0.56,0.21,0.50,0.00,0.48,0.31,NUC
1191,0.32,0.36,0.28,0.38,0.50,0.00,0.50,0.40,ME3
1192,0.40,0.65,0.38,0.17,0.50,0.00,0.57,0.22,ME3
1193,0.36,0.37,0.63,0.25,0.50,0.00,0.30,0.22,CYT
1194,0.49,0.55,0.41,0.19,0.50,0.00,0.48,0.31,ME3
1195,0.30,0.45,0.55,0.19,0.50,0.00,0.53,0.40,CYT
1196,0.88,0.72,0.32,0.30,0.50,0.00,0.52,0.33,ME1
1197,0.44,0.40,0.53,0.19,0.50,0.00,0.48,0.27,CYT
1198,0.45,0.57,0.52,0.21,0.50,0.00,0.54,0.38,NUC
1199,0.46,0.61,0.38,0.35,0.50,0.00,0.49,0.22,ME3
1200,0.55,0.41,0.67,0.61,0.50,0.00,0.49,0.14,MIT
1201,0.28,0.18,0.72,0.26,0.50,0.00,0.49,0.25,MIT
1202,0.66,0.65,0.53,0.17,0.50,0.00,0.47,0.66,NUC
1203,0.36,0.50,0.39,0.23,0.50,0.00,0.50,0.22,ME3
1204,0.48,0.54,0.56,0.29,0.50,0.00,0.51,0.43,NUC
1205,0.33,0.37,0.49,0.22,0.50,0.00,0.55,0.22,CYT
1206,0.58,0.43,0.32,0.11,0.50,0.00,0.49,0.22,VAC
1207,0.58,0.64,0.42,0.30,0.50,0.00,0.54,0.22,NUC
1208,0.74,0.82,0.46,0.24,0.50,0.00,0.50,0.31,EXC
1209,0.74,0.82,0.46,0.24,0.50,0.00,0.48,0.22,EXC
1210,0.75,0.76,0.58,0.22,0.50,0.00,0.49,0.22,EXC
1211,0.58,0.37,0.58,0.16,0.50,0.00,0.51,0.22,NUC
1212,0.39,0.39,0.65,0.16,0.50,0.00,0.45,0.22,CYT
1213,0.51,0.59,0.55,0.21,0.50,0.00,0.52,0.22,CYT
1214,0.41,0.35,0.60,0.22,0.50,0.00,0.56,0.79,CYT
1215,0.43,0.28,0.41,0.32,0.50,0.00,0.52,0.22,ME3
1216,0.41,0.49,0.55,0.13,0.50,0.00,0.55,0.22,CYT
1217,0.23,0.29,0.46,0.00,0.50,0.00,0.43,0.31,CYT
1218,0.25,0.48,0.45,0.32,0.50,0.00,0.40,0.22,CYT
1219,0.38,0.34,0.55,0.44,0.50,0.00,0.48,0.26,CYT
1220,0.61,0.54,0.54,0.38,0.50,0.00,0.54,0.29,MIT
1221,0.48,0.17,0.37,0.33,0.50,0.00,0.44,0.36,NUC
1222,0.47,0.47,0.50,0.19,0.50,0.00,0.51,0.26,NUC
1223,0.55,0.38,0.52,0.16,0.50,0.00,0.49,0.64,NUC
1224,0.41,0.39,0.61,0.17,0.50,0.00,0.50,0.61,NUC
1225,0.41,0.56,0.53,0.16,0.50,0.00,0.55,0.26,NUC
1226,0.78,0.73,0.27,0.28,0.50,0.00,0.56,0.22,ME1
1227,0.31,0.51,0.38,0.18,0.50,0.00,0.46,0.31,ME3
1228,0.63,0.64,0.49,0.20,0.50,0.00,0.52,0.25,CYT
1229,0.31,0.40,0.31,0.17,0.50,0.00,0.52,0.22,ME3
1230,0.44,0.65,0.49,0.16,0.50,0.00,0.48,0.31,NUC
1231,0.48,0.44,0.46,0.37,0.50,0.00,0.46,0.36,CYT
1232,0.50,0.49,0.46,0.22,0.50,0.00,0.53,0.25,CYT
1233,0.62,0.42,0.47,0.16,0.50,0.00,0.52,0.22,CYT
1234,0.50,0.45,0.52,0.18,0.50,0.00,0.52,0.22,CYT
1235,0.59,0.51,0.47,0.21,0.50,0.00,0.47,0.22,CYT
1236,0.39,0.47,0.49,0.20,0.50,0.00,0.53,0.26,CYT
1237,0.49,0.48,0.52,0.24,0.50,0.00,0.50,0.22,CYT
1238,0.59,0.48,0.49,0.42,0.50,0.00,0.52,0.22,CYT
1239,0.57,0.35,0.50,0.43,0.50,0.00,0.53,0.22,CYT
1240,0.61,0.52,0.50,0.44,0.50,0.00,0.53,0.22,CYT
1241,0.49,0.51,0.52,0.13,0.50,0.00,0.51,0.33,NUC
1242,0.45,0.40,0.56,0.15,0.50,0.00,0.52,0.22,NUC
1243,0.63,0.43,0.48,0.11,0.50,0.00,0.51,0.22,CYT
1244,0.63,0.43,0.48,0.11,0.50,0.00,0.51,0.22,CYT
1245,0.52,0.45,0.53,0.34,0.50,0.00,0.52,0.44,CYT
1246,0.54,0.48,0.55,0.33,0.50,0.00,0.55,0.40,CYT
1247,0.55,0.79,0.45,0.25,0.50,0.00,0.51,0.22,NUC
1248,0.58,0.51,0.63,0.20,0.50,0.00,0.50,0.42,NUC
1249,0.63,0.58,0.57,0.10,0.50,0.00,0.52,0.33,NUC
1250,0.54,0.67,0.56,0.15,0.50,0.00,0.57,0.33,NUC
1251,0.41,0.59,0.65,0.14,0.50,0.00,0.49,0.33,NUC
1252,0.47,0.38,0.50,0.15,0.50,0.00,0.49,0.47,NUC
1253,0.33,0.17,0.52,0.13,0.50,0.00,0.51,0.75,NUC
1254,0.42,0.50,0.59,0.17,0.50,0.00,0.51,0.22,CYT
1255,0.54,0.55,0.55,0.40,0.50,0.00,0.53,0.22,CYT
1256,0.31,0.31,0.57,0.15,0.50,0.00,0.50,0.22,CYT
1257,0.38,0.42,0.50,0.19,0.50,0.00,0.44,0.22,CYT
1258,0.33,0.36,0.62,0.26,0.50,0.00,0.55,0.22,CYT
1259,0.38,0.42,0.50,0.19,0.50,0.00,0.44,0.22,CYT
1260,0.47,0.56,0.58,0.19,0.50,0.00,0.44,0.64,CYT
1261,0.32,0.32,0.52,0.18,0.50,0.00,0.48,0.34,CYT
1262,0.28,0.27,0.50,0.14,0.50,0.00,0.50,0.28,CYT
1263,0.41,0.46,0.57,0.25,0.50,0.00,0.57,0.38,CYT
1264,0.44,0.54,0.51,0.16,0.50,0.00,0.58,0.22,CYT
1265,0.44,0.55,0.51,0.16,0.50,0.00,0.60,0.22,CYT
1266,0.77,0.70,0.44,0.29,0.50,0.00,0.56,0.22,ME1
1267,0.40,0.56,0.53,0.15,0.50,0.00,0.49,0.22,CYT
1268,0.79,0.79,0.42,0.26,0.50,0.00,0.60,0.22,ME1
1269,0.80,0.83,0.43,0.24,0.50,0.00,0.54,0.22,ME1
1270,0.58,0.55,0.51,0.13,0.50,0.00,0.52,0.22,CYT
1271,0.55,0.69,0.51,0.12,0.50,0.00,0.51,0.22,CYT
1272,0.47,0.46,0.53,0.12,0.50,0.00,0.51,0.25,NUC
1273,0.57,0.29,0.63,0.22,0.50,0.00,0.49,0.27,NUC
1274,0.52,0.49,0.59,0.21,0.50,0.00,0.47,0.22,NUC
1275,0.41,0.42,0.53,0.17,0.50,0.00,0.48,0.58,NUC
1276,0.45,0.36,0.50,0.19,0.50,0.00,0.53,0.70,NUC
1277,0.53,0.51,0.54,0.21,0.50,0.00,0.45,0.22,NUC
1278,0.49,0.50,0.42,0.43,0.50,0.00,0.50,0.36,VAC
1279,0.44,0.49,0.49,0.27,0.50,0.00,0.52,0.22,CYT
1280,0.25,0.26,0.53,0.17,0.50,0.00,0.45,0.22,CYT
1281,0.49,0.46,0.54,0.18,0.50,0.00,0.35,0.22,CYT
1282,0.42,0.37,0.54,0.17,0.50,0.00,0.51,0.22,CYT
1283,0.42,0.45,0.75,0.21,0.50,0.00,0.48,0.22,CYT
1284,0.39,0.45,0.75,0.17,0.50,0.00,0.51,0.22,CYT
1285,0.63,0.54,0.53,0.27,0.50,0.00,0.49,0.22,CYT
1286,0.54,0.43,0.48,0.27,0.50,0.00,0.44,0.41,CYT
1287,0.40,0.44,0.50,0.13,0.50,0.00,0.52,0.39,CYT
1288,0.55,0.39,0.39,0.47,0.50,0.00,0.50,0.83,ME3
1289,0.59,0.48,0.41,0.53,0.50,0.00,0.48,0.56,ME3
1290,0.49,0.38,0.49,0.15,0.50,0.00,0.53,0.25,NUC
1291,0.53,0.45,0.52,0.29,0.50,0.00,0.55,0.38,MIT
1292,0.62,0.60,0.54,0.22,0.50,0.00,0.54,0.27,CYT
1293,0.33,0.46,0.53,0.12,0.50,0.00,0.50,0.27,CYT
1294,0.57,0.36,0.51,0.25,0.50,0.00,0.54,0.25,CYT
1295,0.45,0.76,0.51,0.25,0.50,0.00,0.59,0.22,CYT
1296,0.48,0.44,0.51,0.24,0.50,0.00,0.49,0.22,CYT
1297,0.59,0.64,0.44,0.26,0.50,0.00,0.50,0.22,CYT
1298,0.79,0.56,0.53,0.19,0.50,0.00,0.47,0.35,CYT
1299,0.50,0.50,0.48,0.34,0.50,0.00,0.52,0.27,NUC
1300,0.79,0.62,0.35,0.35,0.50,0.00,0.60,0.28,ME2
1301,0.52,0.50,0.60,0.20,0.50,0.00,0.52,0.22,CYT
1302,0.59,0.46,0.57,0.17,0.50,0.00,0.52,0.22,CYT
1303,0.53,0.42,0.53,0.19,0.50,0.00,0.47,0.22,CYT
1304,0.59,0.46,0.55,0.17,0.50,0.00,0.52,0.25,CYT
1305,0.61,0.73,0.50,0.58,0.50,0.00,0.50,0.22,MIT
1306,0.50,0.43,0.56,0.17,0.50,0.00,0.35,0.22,NUC
1307,0.36,0.52,0.61,0.33,0.50,0.00,0.52,0.37,NUC
1308,0.66,0.54,0.53,0.17,0.50,0.00,0.54,0.22,CYT
1309,0.52,0.51,0.48,0.12,0.50,0.00,0.54,0.31,CYT
1310,0.56,0.46,0.51,0.25,0.50,0.00,0.54,0.22,CYT
1311,0.47,0.46,0.49,0.27,0.50,0.00,0.59,0.22,CYT
1312,0.50,0.46,0.49,0.27,0.50,0.00,0.60,0.22,CYT
1313,0.43,0.48,0.36,0.26,0.50,0.00,0.52,0.22,ME3
1314,0.50,0.44,0.57,0.28,0.50,0.00,0.57,0.22,CYT
1315,0.46,0.47,0.62,0.30,0.50,0.00,0.38,0.22,CYT
1316,0.59,0.70,0.46,0.19,0.50,0.00,0.54,0.44,CYT
1317,0.19,0.41,0.55,0.13,0.50,0.00,0.52,0.25,CYT
1318,0.27,0.43,0.50,0.13,0.50,0.00,0.54,0.31,CYT
1319,0.42,0.46,0.44,0.17,0.50,0.00,0.51,0.42,CYT
1320,0.49,0.36,0.47,0.28,0.50,0.00,0.56,0.54,NUC
1321,0.42,0.51,0.33,0.16,0.50,0.00,0.54,0.22,ME3
1322,0.34,0.42,0.48,0.19,0.50,0.00,0.46,0.31,NUC
1323,0.60,0.57,0.63,0.22,0.50,0.00,0.50,0.49,NUC
1324,0.53,0.44,0.54,0.52,0.50,0.00,0.49,0.38,NUC
1325,0.48,0.39,0.56,0.23,0.50,0.00,0.60,0.22,CYT
1326,0.56,0.49,0.47,0.13,0.50,0.00,0.52,0.22,NUC
1327,0.47,0.59,0.56,0.09,0.50,0.00,0.50,0.22,CYT
1328,0.40,0.28,0.58,0.44,0.50,0.00,0.41,0.22,CYT
1329,0.54,0.35,0.55,0.19,0.50,0.00,0.30,0.22,CYT
1330,0.50,0.47,0.45,0.14,0.50,0.00,0.53,0.32,ME3
1331,0.55,0.49,0.60,0.18,0.50,0.00,0.51,0.22,NUC
1332,0.55,0.44,0.50,0.09,0.50,0.00,0.55,0.22,VAC
1333,0.66,0.37,0.60,0.25,0.50,0.00,0.69,0.22,MIT
1334,0.51,0.49,0.48,0.55,0.50,0.00,0.52,0.58,CYT
1335,0.36,0.51,0.51,0.17,0.50,0.00,0.52,0.22,VAC
1336,0.68,0.68,0.35,0.16,0.50,0.00,0.62,0.22,VAC
1337,0.44,0.35,0.55,0.14,0.50,0.00,0.52,0.22,VAC
1338,0.73,0.59,0.35,0.15,0.50,0.00,0.54,0.22,VAC
1339,0.60,0.37,0.52,0.15,0.50,0.00,0.55,0.26,VAC
1340,0.64,0.61,0.56,0.15,0.50,0.00,0.54,0.22,VAC
1341,0.48,0.58,0.58,0.12,0.50,0.00,0.49,0.22,VAC
1342,0.65,0.58,0.53,0.21,0.50,0.00,0.51,0.22,VAC
1343,0.48,0.49,0.49,0.26,0.50,0.00,0.39,0.27,VAC
1344,0.57,0.54,0.32,0.15,0.50,0.00,0.52,0.25,VAC
1345,0.40,0.36,0.32,0.16,0.50,0.00,0.51,0.27,VAC
1346,0.50,0.55,0.52,0.16,0.50,0.00,0.51,0.31,CYT
1347,0.65,0.63,0.47,0.22,0.50,0.00,0.52,0.27,CYT
1348,0.41,0.48,0.51,0.20,0.50,0.00,0.51,0.22,CYT
1349,0.25,0.40,0.54,0.16,0.50,0.00,0.43,0.22,CYT
1350,0.63,0.56,0.52,0.21,0.50,0.00,0.50,0.22,CYT
1351,0.56,0.68,0.42,0.36,0.50,0.00,0.49,0.22,CYT
1352,0.57,0.47,0.48,0.17,0.50,0.00,0.52,0.26,VAC
1353,0.46,0.52,0.51,0.13,0.50,0.00,0.47,0.22,CYT
1354,0.50,0.40,0.57,0.17,0.50,0.00,0.59,0.22,CYT
1355,0.78,0.71,0.35,0.25,0.50,0.00,0.49,0.22,ME1
1356,0.64,0.56,0.52,0.17,0.50,0.00,0.54,0.47,NUC
1357,1.00,0.80,0.29,0.36,0.50,0.00,0.52,0.22,ME1
1358,0.51,0.39,0.56,0.55,0.50,0.00,0.46,0.64,MIT
1359,0.69,0.66,0.36,0.09,0.50,0.00,0.56,0.22,ME1
1360,0.40,0.45,0.45,0.15,0.50,0.00,0.53,0.48,NUC
1361,0.49,0.53,0.36,0.15,0.50,0.00,0.52,0.27,ME3
1362,0.39,0.63,0.41,0.27,0.50,0.00,0.49,0.22,ME3
1363,0.45,0.51,0.43,0.22,0.50,0.00,0.57,0.22,NUC
1364,0.77,0.78,0.27,0.37,0.50,0.00,0.49,0.22,ME1
1365,0.88,0.75,0.41,0.36,0.50,0.00,0.43,0.22,ME2
1366,0.49,0.49,0.40,0.20,0.50,0.00,0.48,0.26,ME3
1367,0.57,0.53,0.60,0.28,0.50,0.00,0.52,0.45,NUC
1368,0.53,0.52,0.49,0.27,0.50,0.00,0.51,0.22,CYT
1369,0.50,0.47,0.56,0.31,0.50,0.00,0.56,0.26,CYT
1370,0.71,0.79,0.41,0.38,0.50,0.00,0.54,0.22,ME1
1371,0.33,0.49,0.46,0.22,0.50,0.00,0.53,0.33,ME3
1372,0.47,0.41,0.46,0.18,0.50,0.00,0.53,0.22,ME3
1373,0.45,0.39,0.46,0.29,0.50,0.00,0.42,0.22,MIT
1374,0.59,0.56,0.50,0.48,0.50,0.00,0.46,0.22,MIT
1375,0.32,0.30,0.57,0.38,0.50,0.00,0.50,0.25,NUC
1376,0.26,0.30,0.37,0.15,0.50,0.00,0.53,0.25,ME3
1377,0.28,0.41,0.46,0.18,0.50,0.00,0.47,0.39,NUC
1378,0.45,0.50,0.43,0.16,0.50,0.00,0.52,0.28,ME3
1379,0.24,0.25,0.57,0.28,0.50,0.00,0.51,0.11,CYT
1380,0.46,0.61,0.55,0.29,0.50,0.00,0.49,0.22,MIT
1381,0.54,0.44,0.38,0.22,0.50,0.00,0.54,0.30,ME3
1382,0.22,0.53,0.36,0.22,0.50,0.00,0.54,0.31,ME3
1383,0.25,0.41,0.47,0.14,0.50,0.00,0.56,0.68,NUC
1384,0.43,0.41,0.37,0.18,0.50,0.00,0.54,0.31,ME3
1385,0.40,0.44,0.47,0.25,0.50,0.00,0.54,0.56,NUC
1386,0.46,0.59,0.38,0.12,0.50,0.00,0.50,0.22,ME3
1387,0.80,0.82,0.40,0.31,0.50,0.00,0.57,0.25,ME1
1388,0.29,0.39,0.46,0.36,0.50,0.00,0.51,0.22,NUC
1389,0.40,0.40,0.43,0.19,0.50,0.83,0.48,0.22,POX
1390,0.57,0.52,0.46,0.20,0.50,0.83,0.52,0.41,POX
1391,0.43,0.60,0.40,0.12,0.50,0.00,0.49,0.29,ME3
1392,0.56,0.71,0.47,0.21,0.50,0.00,0.52,0.22,MIT
1393,0.65,0.62,0.26,0.33,0.50,0.00,0.55,0.22,ME3
1394,0.77,0.70,0.37,0.12,0.50,0.00,0.49,0.26,ME1
1395,0.47,0.61,0.32,0.27,0.50,0.00,0.50,0.30,ME3
1396,0.71,0.51,0.49,0.23,0.50,0.00,0.30,0.32,ME2
1397,0.59,0.48,0.49,0.49,0.50,0.00,0.36,0.32,CYT
1398,0.58,0.63,0.52,0.70,0.50,0.00,0.46,0.22,MIT
1399,0.30,0.68,0.41,0.17,0.50,0.00,0.51,0.22,ME3
1400,0.74,0.73,0.32,0.20,0.50,0.00,0.55,0.22,ME1
1401,0.55,0.35,0.36,0.29,0.50,0.00,0.51,0.22,ME3
1402,0.35,0.32,0.31,0.16,0.50,0.00,0.56,0.22,ME3
1403,0.67,0.61,0.39,0.24,0.50,0.00,0.51,0.22,ME3
1404,0.69,0.57,0.39,0.19,0.50,0.00,0.48,0.39,ME2
1405,0.47,0.41,0.53,0.27,0.50,0.00,0.47,0.25,MIT
1406,0.39,0.56,0.34,0.18,0.50,0.00,0.49,0.22,ME3
1407,0.51,0.38,0.42,0.21,0.50,0.00,0.46,0.34,ME3
1408,0.32,0.45,0.39,0.14,0.50,0.00,0.45,0.22,ME3
1409,0.75,0.73,0.35,0.33,0.50,0.00,0.49,0.28,ME1
1410,0.54,0.54,0.56,0.18,0.50,0.00,0.46,0.29,NUC
1411,0.71,0.64,0.42,0.28,0.50,0.00,0.43,0.22,EXC
1412,0.28,0.48,0.36,0.16,0.50,0.00,0.53,0.22,ME3
1413,0.58,0.44,0.45,0.32,0.50,0.00,0.52,0.37,NUC
1414,0.52,0.65,0.36,0.26,0.50,0.00,0.44,0.22,ME3
1415,0.64,0.44,0.56,0.15,0.50,0.00,0.56,0.22,CYT
1416,0.48,0.58,0.47,0.17,0.50,0.00,0.53,0.74,CYT
1417,0.42,0.71,0.45,0.15,0.50,0.00,0.48,0.22,ME3
1418,0.38,0.37,0.36,0.14,0.50,0.00,0.54,0.22,ME3
1419,0.40,0.40,0.44,0.37,0.50,0.00,0.53,0.25,NUC
1420,0.38,0.56,0.38,0.16,0.50,0.00,0.53,0.22,ME3
1421,0.80,0.79,0.43,0.25,0.50,0.00,0.52,0.22,EXC
1422,0.63,0.65,0.42,0.18,0.50,0.00,0.54,0.27,ME3
1423,0.47,0.40,0.63,0.19,0.50,0.00,0.52,0.32,NUC
1424,0.83,0.94,0.32,0.21,0.50,0.00,0.51,0.22,ME1
1425,0.61,0.76,0.30,0.16,0.50,0.00,0.45,0.41,ME3
1426,0.33,0.38,0.47,0.14,0.50,0.00,0.51,0.47,NUC
1427,0.38,0.67,0.33,0.17,0.50,0.00,0.51,0.22,ME3
1428,0.39,0.33,0.33,0.23,0.50,0.00,0.47,0.22,ME3
1429,0.50,0.63,0.45,0.13,0.50,0.00,0.45,0.32,ME3
1430,0.20,0.60,0.50,0.29,0.50,0.00,0.51,0.22,ME3
1431,0.29,0.26,0.43,0.17,0.50,0.00,0.55,0.30,ME3
1432,0.51,0.46,0.41,0.36,0.50,0.00,0.49,0.22,ME3
1433,0.92,0.66,0.52,0.23,0.50,0.00,0.53,0.22,ME1
1434,0.49,0.56,0.37,0.20,0.50,0.00,0.53,0.22,ME3
1435,0.86,0.78,0.34,0.15,0.50,0.00,0.53,0.22,ME2
1436,0.38,0.44,0.57,0.14,0.50,0.00,0.53,0.52,NUC
1437,0.72,0.73,0.41,0.28,0.50,0.00,0.44,0.22,ME1
1438,0.80,0.73,0.47,0.19,0.50,0.00,0.49,0.22,ME1
1439,0.49,0.55,0.35,0.23,0.50,0.00,0.57,0.22,ME3
1440,0.63,0.71,0.44,0.53,0.50,0.00,0.52,0.22,ME2
1441,0.60,0.68,0.30,0.27,0.50,0.00,0.55,0.22,ME3
1442,0.40,0.43,0.49,0.17,0.50,0.00,0.51,0.36,NUC
1443,0.82,0.63,0.47,0.18,0.50,0.00,0.50,0.22,POX
1444,0.77,0.68,0.35,0.19,0.50,0.00,0.53,0.43,ME1
1445,0.51,0.59,0.46,0.13,0.50,0.00,0.48,0.22,MIT
1446,0.52,0.46,0.34,0.20,0.50,0.00,0.51,0.25,ME3
1447,0.47,0.50,0.60,0.63,0.50,0.00,0.38,0.16,CYT
1448,0.34,0.24,0.51,0.15,0.50,0.00,0.54,0.40,NUC
1449,0.35,0.29,0.46,0.14,0.50,0.00,0.54,0.66,NUC
1450,0.58,0.67,0.49,0.16,0.50,0.00,0.47,0.28,MIT
1451,0.85,0.85,0.30,0.31,0.50,0.00,0.55,0.42,ME1
1452,0.36,0.48,0.61,0.26,0.50,0.00,0.50,0.16,NUC
1453,0.41,0.25,0.59,0.44,0.50,0.00,0.60,0.69,NUC
1454,0.30,0.37,0.40,0.45,0.50,0.00,0.48,0.41,ME3
1455,0.57,0.59,0.49,0.86,0.50,0.00,0.47,0.22,NUC
1456,0.38,0.40,0.39,0.19,0.50,0.00,0.46,0.62,NUC
1457,0.77,0.74,0.37,0.29,0.50,0.00,0.45,0.22,ME1
1458,0.47,0.38,0.58,0.19,0.50,0.00,0.57,0.22,CYT
1459,0.50,0.61,0.44,0.20,0.50,0.00,0.49,0.22,MIT
1460,0.41,0.45,0.46,0.23,0.50,0.00,0.50,0.70,CYT
1461,0.46,0.62,0.46,0.54,0.50,0.00,0.51,0.27,MIT
1462,0.74,0.75,0.45,0.44,0.50,0.00,0.52,0.22,POX
1463,0.52,0.53,0.58,0.69,0.50,0.00,0.50,0.22,MIT
1464,0.41,0.47,0.50,0.14,0.50,0.00,0.53,0.37,NUC
1465,0.25,0.40,0.52,0.15,0.50,0.00,0.56,0.28,NUC
1466,0.58,0.56,0.38,0.39,0.50,0.00,0.54,0.57,NUC
1467,0.32,0.29,0.29,0.08,0.50,0.00,0.52,0.22,ME3
1468,0.38,0.48,0.57,0.30,0.50,0.00,0.41,0.11,CYT
1469,0.39,0.58,0.47,0.18,0.50,0.00,0.48,0.22,MIT
1470,0.38,0.47,0.47,0.18,0.50,0.00,0.44,0.26,MIT
1471,0.63,0.57,0.50,0.48,0.50,0.00,0.51,0.22,MIT
1472,0.51,0.45,0.62,0.25,0.50,0.00,0.59,0.22,MIT
1473,0.59,0.67,0.54,0.19,0.50,0.00,0.48,0.60,NUC
1474,0.60,0.61,0.54,0.11,0.50,0.00,0.46,0.22,CYT
1475,0.48,0.61,0.57,0.17,0.50,0.00,0.45,0.22,CYT
1476,0.71,0.50,0.50,0.18,0.50,0.00,0.46,0.22,CYT
1477,0.61,0.48,0.54,0.25,0.50,0.00,0.50,0.22,CYT
1478,0.38,0.32,0.64,0.41,0.50,0.00,0.44,0.11,CYT
1479,0.38,0.40,0.66,0.35,0.50,0.00,0.43,0.11,CYT
1480,0.81,0.62,0.43,0.17,0.50,0.00,0.53,0.22,ME2
1481,0.47,0.43,0.61,0.40,0.50,0.00,0.48,0.47,NUC
1482,0.67,0.57,0.36,0.19,0.50,0.00,0.56,0.22,ME2
1483,0.43,0.40,0.60,0.16,0.50,0.00,0.53,0.39,NUC
1484,0.65,0.54,0.54,0.13,0.50,0.00,0.53,0.22,CYT